item,frequency
тЦБрдЖ,55495
рд╡реЗрджрди,2101
тЦБрдХрд░рдиреЗ,29856
тЦБрдХреА,197474
тЦБрдЖрдЦ,2131
рд┐,41838
рд░реА,26707
тЦБрдд,25362
рд╛рд░реА,16551
рдЦ,24724
тЦБ3,10384
1,14120
тЦБрдЬрдирд╡рд░реА,1833
",",185205
тЦБ20,3889
20,3504
тЦБрд╣реИ,215519
ред,270047
тЦБрдЗрдд,1927
рдиреА,30218
тЦБрджреБ,7137
рдЖ,5276
тЦБрдХрд░,55587
тЦБрджреЛ,13819
тЦБрд╣рдорд╛рд░реЗ,3347
тЦБрд▓рд┐рдП,49271
тЦБрдХрд┐,89667
тЦБрдЬ,27877
рд┐рдд,43149
рдирд╛,49696
тЦБрдк,43761
реНрдп,27033
рд╛рд░,29477
тЦБрджреБрдирд┐рдпрд╛,3223
тЦБрдиреЗ,108464
тЦБрдЖрдкрдХреЛ,6254
тЦБрджрд┐рдпрд╛,21033
тЦБрдмрд╕,3655
тЦБрдЙ,24462
рдд,69027
тЦБрд╣реА,41650
тЦБрд╣рдореЗрдВ,2635
тЦБрднреА,67304
тЦБрдорд┐рд▓,9049
тЦБрдЬрд╛рдП,6062
|,3820
тАЭ,2646
тЦБрдореЛрджреА,6315
тЦБрд╕рд░рдХрд╛рд░,16551
тЦБрдХреЗ,326040
тЦБрдкрд╣рд▓реЗ,14355
тЦБрдХрд╛рд░реНрдп,7295
рдХрд╛рд▓,3048
тЦБрдореЗрдВ,240292
тЦБрддреАрди,6305
рд▓рд╛,36124
рдХ,90482
тЦБрдХреЛ,156151
тЦБрд▓реЗрдХрд░,10294
тЦБрдмрд┐рд▓,1826
тЦБрд▓рд╛,10941
рдпрд╛,31246
тЦБрдЧрдпрд╛,30203
тЦБрдерд╛,33178
тЦБрд╣рд╛рд▓рд╛рдВрдХрд┐,3785
тЦБрддрдм,3936
тЦБрдпрд╣,31055
тЦБрд░рд╛рдЬреНрдп,7302
рд╕рднрд╛,1067
тЦБрдкрд╛рд╕,6962
тЦБрдирд╣реАрдВ,47279
тЦБрд╣реЛ,39876
тЦБрдкрд╛,13574
.,116875
тЦБрднрд╛рдЬрдкрд╛,5326
тЦБрджрд┐рд╡,2905
рдВрдЧ,16866
тЦБрдиреЗрддрд╛,4074
тЦБрдкреНрд░,45861
рдореЛ,2796
рдж,59733
тЦБрдорд╣рд╛,4688
рдЬрди,8512
тЦБрдмреЗ,8611
рдЯреА,19650
тЦБрдкреВ,5251
рди,82236
рдо,71367
тЦБрд╕рдЪрд┐рд╡,1993
тЦБрдмрдирд╛рдпрд╛,2231
тЦБрдРрд╕реА,2848
тЦБрд╕реНрдерд┐рддрд┐,2760
тЦБрдПрдХ,54352
тЦБрдиреНрдпрд╛,1468
рдп,39126
рдкреВрд░реНрдг,3004
тЦБрд╕,45256
рд╛рд░реН,8263
рд╡,56696
рд┐рдХ,43661
тЦБрд╡рд┐рдд,3166
реНрдд,5887
тЦБрдХрд╛,123398
тЦБрдЗрд╕,49255
тЦБрддрд░рд╣,10485
тЦБрдЗрд╕реНрддреЗрдорд╛рд▓,2618
тЦБрдХрд░рддреА,3036
тЦБрд╕рдВ,30708
рд╕рд╛,18285
рдз,22662
рдиреЛрдВ,7097
рд╡рдВ,2868
рдЯрди,2327
тЦБрд╕рднреА,8777
тЦБрдЙрдк,9738
рдн,14704
реЛрдЧ,6020
тЦБрд╡рд╛рд▓реЗ,12947
тЦБрдЙрддреНрдкрд╛,2307
рджреЛрдВ,2990
тЦБрд╡реНрдпрд╡,1350
рд╣рд╛рд░,3180
рддрд╛,58041
тЦБрдФрд░,115365
тЦБрд╕рдо,12450
рдЧреНрд░,2784
тЦБрд╡реГ,2199
рд╣,43485
-,51024
рд░реНрде,1579
рдмрдВрдзрди,2010
тЦБ',8787
рдирд┐,5417
рд╖реН,3570
рдкрдХреНрд╖,1983
тЦБрд░реВрдк,9091
',7598
тЦБрдмрдврд╝рд╛,2555
рдП,18917
тЦБрджрд┐рд▓,2984
рдЪ,28573
рд╕реНрдк,2553
тЦБрдбреА,4192
рд╕реА,26109
рдПрд▓,2912
тЦБрдЪреЗ,4190
рдпрд░,3741
реИрди,6737
тЦБрдЯреА,4193
тЦБрд╡,39693
реЗрдВ,33190
рдЯрд░,10256
рдорди,2241
тЦБрд░реЗ,4443
рдб,42374
реН,25121
рдбреА,9698
рд╛рдЗ,8910
рд╕,66685
тЦБрд╡рд┐,24822
тЦБрд░рд╡рд┐,870
тЦБрдмреИрдардХ,3158
тЦБрдореМрдЬреВрдж,2610
тЦБрдереЗ,16362
тЦБрдЖрдо,4580
тЦБрдЪреБрдирд╛рд╡,7644
рддреА,37598
рд╢,44692
тЦБрдХреБрдорд╛рд░,5307
тЦБрдЧ,36340
реМ,15329
рддрдо,2737
тЦБрд╕рдмрд╕реЗ,7279
тЦБрдЕрдзрд┐рдХ,7154
тЦБ6,6218
тЦБрд▓рд╛рдЦ,5571
тЦБ5,7139
6,11681
тЦБрд╣рдЬрд╛рд░,4114
тЦБ21,1650
5,14463
реЛрдЯ,5689
тЦБрдкреНрд░рд╛рдкреНрдд,2834
тЦБрд╣реБрдП,19421
тЦБрдЖрдп,3654
рд░рд▓,1797
реИрдВрдб,3688
тЦБрдЯреАрдо,7059
тЦБрд╡рд┐рдХреЗрдЯ,1923
рдХреА,17173
рдкрд░,5120
тЦБрдмрд▓реНрд▓реЗ,1649
рдмрд╛,11167
рдЬ,55459
тЦБрди,42267
рд┐рдпрд╛,15094
рд▓,73155
тЦБрдУ,6285
рдм,49813
реНрд░,28646
рд╛рдп,19945
тЦБрдЕрдВрддрд░,2607
реНрд░рд╛,5011
рд╖реНрдЯ,10046
реНрд░реАрдп,2260
тЦБрдХреНрд░рд┐рдХреЗрдЯ,2123
тЦБрд╕реЗ,147346
рдиреН,17636
рдпрд╛рд╕,650
тЦБрдР,3433
рд╛рди,24784
тЦБрд╕рд╛рд▓,12427
тЦБ200,3033
2,14064
тЦБрдбреЗ,3350
тЦБрдЦрд┐рд▓рд╛рдл,6001
рд┐рд╡,7379
реНрдпреВ,6412
тЦБрдмреНрд░,3972
тЦБрдЙрдо,2209
тЦБрдХрд┐рдпрд╛,36546
тЦБрд╕рдлрд▓,2410
тЦБрд░рд╣реЗ,22741
тЦБрд╣реИрдВ,80599
тЦБрдЙрдиреНрд╣реЛрдВрдиреЗ,16578
тЦБрдкреАрдЫреЗ,1960
тЦБ24,1723
тЦБрд╢рд┐рдХ,1314
тЦБрдХрд┐рдП,5339
тЦБрдпрд╣рд╛рдВ,6512
тЦБрддрдХ,20845
тЦБрдкрд╛рдХрд┐рд╕реНрддрд╛рди,3638
тЦБрдЦреЗ,2485
рд▓реЗ,28802
тЦБрдЧрдП,12596
рд╝,7573
рддрд┐рд╣рд╛рд╕,2041
тЦБрдЯреЗрд╕реНрдЯ,1911
тЦБрд╣рд┐рд╕реНрд╕рд╛,1776
тЦБрдЦреЗрд▓,4159
:,14746
тЦБрдЕ,41595
рд░реНрдЬ,2543
реБрди,2466
тЦБрдХрд╣рдирд╛,3566
тЦБрдмреЙ,3532
тЦБрдл,27792
рд┐рдЯ,6264
тЦБрд░рдЦрдиреЗ,2198
тЦБрдЬрд░,4135
реВрд░реА,2897
тЦБрдП,21497
рдХреН,11827
рд╕рд░,6634
рдЗ,14322
тЦБрд╡рд╣,15288
тЦБрдХрд╣рддреЗ,2287
тЦБтАЬ,2417
тЦБрдЖрдк,17748
тЦБрдЬрд┐рдо,1799
тЦБрдЬрд╛,28330
тЦБрд╣реЛрдВ,1926
тЦБрддреЛ,35977
тЦБрдЦреБрдж,3199
тЦБрдмрд╛,13541
рдХреНтАН,1674
рдЯ,54280
рд╡рд┐,14641
тЦБрдЬреИрд╕реЗ,4753
тЦБрд╕рд╛,18351
рдХрд┐рд▓,2045
рд┐рдВрдЧ,12785
тЦБрд╕реН,11621
тАН,10674
реЙ,20578
рдХрд┐рдВрдЧ,1879
тЦБрдЗ,21952
рд▓реН,8725
тЦБрдХрд░реЗрдВ,6262
тЦБрдЪ,31084
тЦБрд▓рд┐рдпреЗ,2860
рдЪреН,1778
рдЫ,4878
рд╛,42799
тЦБрд░рд╣,8737
реЗ,54459
тЦБрдХреЙ,5317
рдореН,8456
рдк,55575
рд┐рдЯреА,2055
рд╕реНтАН,2695
рдкреЗ,2560
тЦБрдЖрдкрдХреА,1960
рдиреЗ,70044
тЦБрд╣реЗ,3495
тЦБрдХрд░рддрд╛,4857
рдл,25845
рд░,58060
тЦБрдпрд╛,20473
тЦБрдХреБрдЫ,14730
?,7630
тЦБрдЬрдм,10901
тЦБрдЕрдкрдиреЗ,21005
тЦБрд▓рдХреНрд╖,2193
тЦБрдЦ,28492
реЛрдЬ,6496
рдмреН,3265
тЦБрдкрд╣рдЪрд╛рди,1656
тЦБрд╕рдХрддреЗ,7764
тЦБрдЕрдо,6243
рдЬрд╝,10252
реЕ,1748
тЦБрдкрд░рд┐,6246
рдг,33414
рд╛рдо,19851
реГ,7725
рд╖реНрда,2674
тЦБрдкрд░,100405
тЦБрдЖрдкрдХреЗ,3491
тЦБрдХреИрд╕реЗ,2466
тЦБрдкреНрд░рджрд░реНрд╢рди,2980
тЦБрд▓рд┐,2931
рд╕реНрдЯ,15873
тЦБрдЕрдиреБ,7732
реВрд▓,4862
тЦБрдмреЗрд╣рддрд░,1773
тЦБрдмрдирд╛рдиреЗ,4003
тЦБрдореМ,4830
рдЬреВ,2519
рджрд╛,16025
реБрдЯ,2727
рд┐рдпреЛрдВ,25168
тЦБрдареАрдХ,1935
рдХреНрд╖,10588
тЦБрд╣реЛрдВрдЧреЗ,2399
тЦБрдЕрд▓рдЧ,3521
рдЕ,9151
рдЧ,35394
тЦБрдкрд░реА,770
рдХреНрд╖рдг,3166
тЦБрдХрд░рдирд╛,8588
тЦБрдЪрд╛рд╣рд┐рдП,6608
тЦБрд╢,33284
реЛрдз,4506
рдХрд░реН,2380
рддрд╛рдУрдВ,4449
тЦБрдЕрдкрдиреА,12437
тЦБрд╕реВ,5845
рдЪреА,5909
рд╛рд╕,9822
тЦБрд╢рдмреН,1710
рджрд╛рди,6071
тЦБрд╡рд┐рд╢,1267
тЦБрд▓,22799
рдВ,41179
рдмреА,11177
реВрдВ,2367
тЦБрдореБрдХрд╛рдм,1842
тЦБрджреВрд╕,1563
рд░реЛрдВ,2107
реБрд▓,12008
тЦБрдЫреЛрдЯ,2030
тЦБрд╣рд╛рд▓,4684
тЦБрд╕реНрдерд╛,1902
рдкрд┐рдд,1934
реЛрдВ,77433
тЦБрд░,29130
реИрдВ,5570
тЦБрдм,34770
реВ,39588
тЦБрд╕реЗрд╡рд╛,3074
тЦБрд╡реНрдпрд╛рдк,2485
тЦБрдХрдо,13662
тЦБрдкреНрд░рддрд┐,8908
рд░реН,27536
рдзреА,4257
тЦБрдЯреНрд░,5410
реИ,19425
рдлрд╝,3874
рд╖,14025
тЦБрдХрд░рддреЗ,12640
тЦБрдЗрд╕рдХреЗ,12187
тЦБрдЬреА,9492
рдЖрдИ,7163
рдЬреА,18255
тЦБрд╢рд┐рдХреНрд╖,1965
рдХреЛрдВ,12021
рд░рд╛,34875
тЦБрддреИрдпрд╛рд░,3423
тЦБрдХрд░рд╛,3462
тЦБрдЬрд╛рдПрдЧрд╛,5328
тЦБрдХреМ,2454
тЦБрдХ,42849
тЦБрд░рд┐,5541
рд╛рдпрд░,3360
тЦБрд░рд╣рд╛,18657
тЦБрдЬрд╡рд╛рдм,2247
рд┐рд▓реН,3577
тЦБрдореБрджреН,2316
тЦБ,69104
V,1894
I,2887
D,1775
E,3506
O,2709
рд╛рдирд╛,11036
тЦБрджреМрд░рд╛рди,7360
тЦБрд╕реНрдХреВрд▓,3805
тЦБрд▓рдЧреА,2250
тЦБрдЖрдЧ,3174
тЦБ4,8539
тЦБрд╕рдВрдк,2268
рддреНрддрд┐,1804
тЦБрд╕реНрд╡рд╛,1919
рд╣рд╛,10056
тЦБрдпреВ,4145
реНрд░реЗ,9213
тЦБрдкреНрд░рдзрд╛рдирдордВрддреНрд░реА,4026
рдЪрд╛рд░,7124
реБрдХ,3528
тЦБрд╢реБрдХреНрд░рд╡рд╛рд░,1881
тЦБрд░рд╛рд╖реНрдЯреНрд░рдкрддрд┐,1901
рд▓реЛ,5528
рд┐рдо,9082
рд┐рд░,7458
тЦБрдЬрд╝,3848
реЗрд▓,8581
рд╕реН,19333
тЦБрдЕрдкрдирд╛,6071
тЦБрдЗрд╕реН,2081
рдлрд╛,2611
тЦБрд╕реМ,3275
рдВрдк,5005
тЦБрд░рд╛рдЬрдиреАрддрд┐рдХ,1849
тЦБрдж,31216
рд▓реЛрдВ,5801
тЦБрд╣реЛрддреА,5938
тЦБрд╡реЗ,12777
тЦБрдЬрдирддрд╛,3258
тЦБрд╣,31985
тЦБрдХреЛрдИ,12877
тЦБрдпреЛрдЬрдирд╛,4630
тЦБрдЪрд▓рд╛,3748
рддреЗ,31425
тЦБрдЬрд┐рди,3797
рдореЗрдВ,5202
рджреЗ,7306
тЦБрд╣реЛрддреЗ,4255
тЦБрдмрд╛рдж,23831
тЦБрдЗрдВрдЯрд░,2070
рд╢рдирд▓,1661
тЦБрдЕрд▓,1895
рд░реНрдЯ,3532
тЦБрдЬрд╛рд░реА,5048
рд░реЗ,18370
тЦБрдЬрд╣рд╛рдВ,3955
тЦБрдЬреИ,3541
рд▓реА,28416
рдВрдбреА,2802
реЛрд▓,9705
тЦБрдб,14303
рд╛рдВрд╕,2015
рдУрдВ,9665
рдбрд╝,22056
рдХрд╛,24576
тЦБрд▓рдЧрд╛,8725
тЦБрдирдЬрд░,3384
тЦБрдЖрдП,4361
рдВрдЧреА,1713
рджреЗрд╢,5956
реА,44760
тЦБрдлрд╛рдЗ,1771
реЗрдЯ,7723
тЦБрддреЗрдЬ,2141
рдЗрдЯ,3332
рдкреН,6864
тЦБ(,20876
),20736
рд░реНрд╕,7037
рдмреЗ,2974
рджрд╛рд░,8095
тЦБрдореЗ,12372
рдЬрд░,3575
реНрдо,6818
тЦБрдХрд╣рд╛,31235
тЦБрд╕реА,14728
рддрд╛рд░,1856
тЦБрднрд╛рд░,1056
рджреН,7158
рд╡рд╛,26014
тЦБрдкрдбрд╝,4402
реЛ,44811
тЦБрд╡рд░реН,4342
рдорд╛рди,10360
тЦБрдкреБ,7892
рд╕реНрдд,12754
тЦБрдереА,18164
тЦБрдЬреЛ,21948
тЦБрдЕрднреА,4338
рд╕реЗ,14614
рд┐рд╕,12343
тЦБрд░рдЦ,7337
тЦБрд╣реБрдИ,9785
рдЬрдп,3886
рд╢рди,8198
тЦБрдореЛ,5641
рд╣рди,3759
тЦБрд░рд╛рдЬ,14415
рд╡рди,4392
тЦБрджрд░,5104
рдмрд╛рд░,3624
реЙрд▓,2044
реЛрд╣,2471
рдкрд╛рд▓,5148
тЦБрдЬрдЧ,981
рджреА,13115
тЦБрдореБрдЦ,2014
тЦБрдкрдж,5322
тЦБрдЧреЛ,5660
рде,19518
рд┐рд▓рд╛,3621
рдИ,25769
тЦБрд░рд╛рдо,5217
тЦБрд░рд╣реА,17657
тЦБрд╡рд┐рд╡рд╛рдж,1789
тЦБрдорд╛рдорд▓рд╛,2473
тЦБрдЬрд┐рд╕рд╕реЗ,2737
тЦБрдореИрдВ,7232
рдЪрдирд╛,2605
тЦБрдЪрд╛рд╣,4488
тЦБрд╣реВрдВ,3360
тЦБрдЯ,18873
рдерд╛,2714
рдкреБрд░,8814
тЦБрд▓рдбрд╝,4745
тЦБрд╢рд╛рджреА,2481
тЦБрдЗрди,13558
рдХрд╛рд░,13136
тЦБрдпреБрд╡,2807
тЦБрдмрди,8537
тЦБрджрд┐рд▓реНрд▓реА,7748
тЦБ|,5537
тЦБрдЧрд┐,2458
реНрдЯ,7553
тЦБ-,6610
тЦБD,2174
a,21645
in,6613
i,19949
k,6013
тЦБB,2867
h,14101
s,18589
ar,5428
тЦБрд╕реБ,15252
рдВрджрд░,3176
тЦБрд╕рдм,6409
реБ,43922
реБрд░,8251
реВрдк,2802
тЦБрдЬрдмрдХрд┐,4040
тЦБрд╡реНрдпрд╛,1206
тЦБрдкрдХреНрд╖,2015
рдХреНрдд,5618
тЦБрдЖрд░,4969
рдХреНрд╖рд┐рдд,1703
рдпрди,2776
тЦБрд╣реЛрдХрд░,1791
тЦБрд▓рд╛рдн,2625
тЦБрдЙрдард╛,2757
тЦБрдЪреБрдХреЗ,2628
тЦБрдЙрдЪреНрдЪ,2100
рд╕реНрде,2893
рд╡рд╛рди,3722
реГрдд,4150
тЦБрд╕реБрд╡рд┐рдзрд╛,1850
тЦБрд╕рдореН,1988
рдиреНрди,3703
тЦБрдПрд╡рдВ,7332
тЦБрдз,13651
рдв,3681
тЦБрд▓реЛрдЧреЛрдВ,13118
рддрд╛рди,2103
рддрд░,8953
тЦБрдирд┐рдп,2621
рдХреНрддрд┐,3221
тЦБрдЬрд┐рд╕рдХреЗ,3128
рдзрд┐рдХ,4065
рдВрдХ,4461
рдбрд╝реЗ,7097
тЦБрд▓реЗрдХрд┐рди,16307
тЦБрд▓реЛрдХ,3001
тЦБрдЕрд╡,4933
рдзрд╛рд░,4129
рдгрд╛,3603
тЦБрд╡рд┐рдЪрд╛рд░,2715
тЦБрдПрдпрд░,1657
рдкреЛрд░реНрдЯ,1382
тЦБрдЕрдзрд┐рдХрд╛рд░рд┐рдпреЛрдВ,2504
тЦБрдмрддрд╛рдпрд╛,10290
тЦБрднрд╛рд░рдд,12697
рдзреНрдп,2708
рд░реНрд╡,2717
рд╢реНрдЪ,2212
тЦБрдп,7729
реВрд░,10115
реЛрдк,1674
рдмрд▓,2639
тЦБрдЖрдИ,7851
рдбрд╝реА,11466
тЦБрд╡рдЬрд╣,3839
рдорд╛,18024
рд╡рд░,13381
рдС,498
тЦБрдЧреНрд░,5994
тЦБ7,5894
тЦБрдЗрдВрдб,2067
реНрд░реА,8309
рд┐рдХрд▓,1772
тЦБрд╣рдо,15145
тЦБрдЖрдзрд╛рд░,3756
рджреНрдзрд┐,1910
тЦБрджрд░реНрдЬ,4071
тЦБрдЗрд╕рд▓рд┐рдП,3864
рдХреНрд░рд┐рдпрд╛,1709
тЦБрдЖрдЧреЗ,3897
рдзрд┐,2826
тЦБрдЬрдорд╛,1781
рдореЗрдВрдЯ,3440
тЦБрдЬрд┐,4359
рдВрдж,13888
рдЧреА,14267
тЦБрдЬрд╛рддреА,4244
рд╕рд╛рди,2832
тЦБрд░рд┐рдкреЛрд░реНрдЯ,3126
тЦБрдорд╛,11553
тЦБрднрд╛рд░рддреАрдп,7244
тЦБрдЕрдзрд┐рдХрд╛рд░реА,3630
тЦБрд╡рд┐рджреЗрд╢,2474
тЦБрдЖрдпрд╛,3748
тЦБрдХреНрдпреЛрдВрдХрд┐,4177
тЦБрдШ,15823
рд▓реВ,1761
рджреНрдпреЛрдЧ,2353
тЦБрд╕реБрд░рдХреНрд╖рд╛,3114
тЦБрджреЗрдиреЗ,6121
тЦБрдРрд╕реЗ,6373
тЦБрдмреЛрд░реНрдб,1869
рд╛рд░рд╛,9104
тЦБрдкрд░реАрдХреНрд╖рд╛,2266
рд╛рдиреЗ,6445
тЦБрдлреИрд╕рд▓рд╛,2154
тЦБрд▓рд┐рдпрд╛,7727
тЦБрдЬреНрдпрд╛рджрд╛,6621
рднрд╛рд╡,3645
рдПрд╕,9255
рдкреА,15101
рд╣реА,10842
тЦБрда,4363
рд┐рдХрд╛,7815
рдгреА,5180
рдЪреЗ,6191
;,1492
тЦБрддрд░,1619
тЦБрддреБ,3551
рд│,4899
тЦБрдпреЗ,12959
рдВрдм,3240
реНрдпрд╛,16564
тЦБрдЭ,8566
реВрди,6588
тЦБрдиреБрдХ,1626
рд╛рд▓,13699
тЦБрдмрд╛рд░,11524
тЦБрдЙрдирдХреА,6845
тЦБрдо,42764
рдореНрдореА,292
рдврд╝,5834
тЦБрдЧрд┐рд░,1930
тЦБрдЧрдИ,16905
тЦБрдереАрдВ,2238
тЦБрдЙрдиреНрд╣реЗрдВ,8814
тЦБ9,3944
рдЪрд░,1997
тЦБрдЗрд╕реА,5226
тЦБрдкреНрд░рдХрд╛рд░,2728
тЦБрдкрдЯ,2028
реНрдЯреА,2695
тЦБрдлрд╝,3188
рд┐рд▓,15084
тЦБрднреВрдо,2637
тЦБрдордирд╛,2185
рдпреВ,2336
тЦБрддреНрдпрд╛,2372
тЦБрдЖрдпреЛрдЧ,1787
тЦБрдШреЛрд╖рдгрд╛,1915
рдЧрдд,5573
A,3270
тЦБрд╕рдордп,10144
тЦБрдмрдврд╝,8566
рддрд░реА,1860
тЦБрд╕рд╡рд╛рд▓,3197
тЦБрдЕрдореЗрд░,1185
рд┐рдХреА,2198
рд╡реА,14301
тЦБрдирд┐рд░реНрджреЗрд╢,2354
тЦБрдЕрднрд┐,2302
тЦБрдирд╛рдо,9470
тЦБрдмрддрд╛,7134
тЦБрдирд╡,1888
рдмрд░,6730
тЦБ201,6787
7,12288
тЦБ8,4609
тЦБрд╡рд░реНрд╖,7656
тЦБрдирд┐,20608
рдзрди,1897
тЦБрд╣реБрдЖ,10386
тЦБрдЕрдиреНрдп,5591
тЦБрдЬрд╛рди,6396
тЦБрдорд╛рдорд▓реЗ,6479
тЦБрдореВрд▓,2331
тЦБрдЦрдмрд░,2957
тЦБрдкрдврд╝,4642
тЦБрдЬрд┐рд╕,6585
тЦБрд╢реА,2285
рд░реНрд╖,2968
тЦБрдиреА,7051
...,6725
тЦБрдлрд┐рд▓реНрдо,8696
рддреНрд░реА,3062
рдЙ,9873
рдЪрд╛,6736
тЦБрд╕реНрд╡реА,1708
тЦБрдореБрдЭреЗ,4077
тЦБрдЦреБ,4968
тЦБрджреЗрдЦ,8483
тЦБрдкрд╕рдВрдж,1640
тЦБрдЗрд╕реЗ,4606
рд╛рд░реЗ,4819
тЦБрд╕рд╛рде,27696
рдХреНрд╕,5913
реЗрд╢рди,4691
тЦБрдореИрдВрдиреЗ,2674
тЦБрдЙрд╕рдиреЗ,3148
тЦБрдЕрдЧрд░,6333
тЦБрдирд╛,8073
тЦБрдХрд╣,6166
тЦБрджреЗ,14972
тЦБрдн,24470
тЦБрдорд┐рд▓реЗ,3714
рдЧрд╛,17497
#,1407
тЦБрд╕реНрдХ,2117
тЦБрдЫрд╛рддреНрд░,3214
тЦБтАШ,10892
тАЩ,11178
рд╛рдВрдЪ,1098
рд┐рд╢рд╛,1826
тЦБрднрд╛рд╡,2248
рд╕реНрддрд╛,5136
рд╛рд▓реА,5935
рдХреЗ,18190
тЦБрд╡рд┐рдзрд╛рдирд╕рднрд╛,2871
тЦБрдордд,4103
рдиреНрджреНрд░,3695
тЦБрдЬрд┐рд╕рдореЗрдВ,3831
3,12328
тЦБрд╡рд┐рдзрд╛рдпрдХ,2243
тЦБрджреЗрд╢,10963
рдореБрдЦ,668
тЦБрдкреВрд░реЗ,2631
тЦБрдХреНрд╖реЗрддреНрд░,8109
тЦБрд╕рд░реН,2199
тЦБрдкреНрд░рд╛,4632
рдердо,2049
рд╛рд▓рд╛,5784
тЦБрдЕрддрд┐,2245
рд░рд┐рдХ,2193
тЦБрдирдВрдмрд░,2011
реИрд╕реЗ,3219
рддреАрдп,1531
рдХрд░рдг,3441
тЦБрдЧреНрд░рд╛рдореАрдг,1902
тЦБрдЪрд░реНрдЪрд╛,2112
тЦБрдЧрд╛рдВрд╡,4904
тЦБрдЬрди,4589
рдкреНрд░,7320
рддрд┐,17247
тЦБрдХреЗрд╡рд▓,2766
тЦБрд╕рдбрд╝рдХ,1943
тЦБрд╕рдорд╕реНрдпрд╛,2871
тЦБрдкреБрд░,2724
рд╛рдиреА,11791
тЦБрдЖрдЬ,11430
тЦБрдкрд╣реБрдВрдЪ,6476
тЦБрд░рд╛,9993
тЦБрдорд╣,8063
рдШ,8781
тЦБрджреВрд╕рд░реЗ,3568
рдиреНрд╣,1991
рд╛рдВ,12906
тЦБрдЬрд╛рддрд╛,8702
тЦБрджреЛрдиреЛрдВ,6383
тЦБрдорд╛рд░реН,3081
рд┐рд╢,6718
тЦБрд╣реЛрдиреЗ,13622
рдЬрд▓,1881
тЦБрд╣рд░,8309
тЦБрдкреЗ,3295
тЦБрдмрдиреА,1641
рдзрд╛,3060
рдореА,7895
тЦБрд╕рдл,1988
тЦБрддрдп,1966
тЦБрдмрд┐рдЬрд▓реА,2686
тЦБрдЙрд╕рдХреЗ,6900
тЦБрдЖрдиреЗ,4423
рдЬрд╛,16483
тЦБрд╕реНрдЯ,7345
тЦБрд▓рдЧ,5062
тЦБрдкрдВрдЪ,2706
рд╛рдпрдд,1701
тЦБрдорд╛рдзреНрдпрдо,1949
тЦБрдорд╛рди,8221
тЦБрдЧреБ,8347
тЦБрд╕рдорд╛,3517
рдзрд╛рди,3626
рдЯрдХ,2421
рдгреНрдпрд╛,2599
рд╡реЗ,10677
рдирд░,2008
реЛрд░,8336
тЦБрдЬреВрди,1864
тЦБрдорд╣реАрдиреЗ,2743
тЦБрде,3068
реЛрдХ,3498
рд╛рдИ,6510
рдХрд░,34128
тЦБрдкреНрд░рддрд┐рд╢рдд,2847
рдлреЗ,1660
рд┐рдпрд╛рдВ,6556
тЦБрдкреЗрдЯ,1911
рддреЛрдВ,4667
тЦБрджреЗрдВ,3622
тЦБрдкрд┐рдЫрд▓реЗ,4563
рдбрд╝рд╛,10071
4,11433
рддреНрд░,11976
тЦБ0,2697
9,11021
0,16404
тЦБрджреНрд╡рд╛рд░рд╛,9270
рдбрд╝реЛрдВ,2010
тЦБрдореБрддрд╛рдмрд┐рдХ,3561
тЦБрдЦрд╛,4136
рджреНрдп,3361
рд╛рд░реНрде,3495
тЦБ1,6533
8,11038
тЦБрдмрдирд╛,7925
тЦБрдХрд╛рдВрдЧреНрд░реЗрд╕,7668
реЗрдд,5141
тЦБрдкрд╛рд░реНрдЯ,1147
тЦБ18,2495
тЦБрдЬреБ,8049
рд▓рд╛рдИ,2720
тЦБрд╢реБрд░реВ,7094
тЦБрдореЙ,1691
реЗрд░,4353
тЦБрдкреНрд░рдпрд╛рд╕,2098
тЦБрдХрд░реЗ,4197
тЦБрд╡рдХреНрдд,1875
тЦБрдкрд╛рдВрдЪ,3507
тЦБрд╕реНрддрд░,2699
тЦБрдирд┐рдХ,3248
рд╖реНрдп,2131
рд┐рдп,12483
рд▓рд┐рдпрд╛,1935
тЦБрдЙрд╕,9715
тЦБрдореИрдЪ,4016
тЦБрд░рди,3178
тЦБ2,12210
тЦБрдв,3447
тЦБрд╣реЛрдЧрд╛,8314
тЦБрд╣рдореЗрд╢рд╛,1665
рддрдВрддреНрд░,1992
тЦБрдЬрд╛рдпреЗ,1859
тЦБрдмрд╛рдд,14747
тЦБрд╕рдХрддреА,4510
рд╕реНрдерд╛,3463
рдПрдВ,7251
тЦБрдЪрд▓,6019
тЦБрд╢рд░реН,653
рднреА,2380
тЦБрд╕рдХрддрд╛,8055
тЦБрд╡реНрдпрдХреНрддрд┐,3269
тЦБрд╕реНрд╡,6709
рд░рд╛рдЬ,3257
рднрд╡,2687
тЦБрдЙрд╕реЗ,6586
тЦБрд▓рдЧреЗ,3025
тЦБрдЬреАрд╡рди,3634
тЦБрдорди,6362
тЦБрднрд░,4073
тЦБрд╕рдорд╛рдЬ,3568
тЦБрдкрд░рд┐рд╡рд╛рд░,3900
тЦБрд╣реЛрдирд╛,2611
тЦБрд░рд╛рдЬрдиреАрддрд┐,1855
тЦБрдЖрд╡рд╢реНрдпрдХ,1864
рдВрд╕,6137
реВрд╕,3398
тЦБрдКрдкрд░,1800
тЦБрд╣реЛрддрд╛,8606
тЦБрдореБрдЦреНрдп,3460
тЦБрджрд┐рдЦрд╛,3823
тЦБрдпрд╣реА,2543
рд╕реНрдХ,3371
реГрддрд┐,2156
тЦБрд╣рд╛,4409
тЦБрдлрд┐рд░,8731
тЦБрдХреНрдпрд╛,7071
тЦБрдРрд╕рд╛,5387
тЦБрд╕реЛ,6798
тЦБрдЧрд▓,2297
тЦБрджрд┐рдЦ,2377
тЦБрджрд▓,3055
тЦБрдмрд╛рд░реЗ,5459
тЦБрдЧрд╛рдВрдзреА,3375
рдЭ,5206
тЦБрд╣рдорд╛рд░реА,1733
тЦБрдЙрдореНрдореАрджрд╡рд╛рд░,1862
тЦБрдирд┐рд░реН,4496
тЦБрдЫ,12753
реВрдЯ,4436
тЦБрдмрд╛рд╡,1684
рдЬреВрдж,1753
тЦБрдмрд╣реБрдд,8085
рдпреА,2297
тЦБрдХрд┐рд╕реА,11614
тЦБрдкрд╛рд░реНрдЯреА,6881
тЦБрдЪрд┐,3150
тЦБрдпрджрд┐,3080
тЦБрддрд░реА,2191
тЦБрдЕрди,5364
рд╡рд╛рд░,9440
тЦБрдорд╛рд╣,2580
тЦБрдмрджрд▓,2408
рдкреЛ,1626
тЦБрдХрд╛рдо,11037
тЦБрдЙрдирдХрд╛,4032
тЦБрдЕрдм,13863
тЦБрдмрд╛рдЬрд╛рд░,3109
тЦБрд╡реНрдпрд╡рд╕реНрдерд╛,2216
тЦБрд▓реЛрдЧ,8604
рдпреЗ,6471
тЦБрд╕рд╛рдорд╛рди,2064
тЦБрдЗрд╕рдХрд╛,3598
тЦБрдорд╣рддреНрд╡,2086
тЦБрдХрдВрдкрдиреА,4894
рдУ,5486
тЦБрдЙрдирдХреЗ,10065
реБрдХреНрдд,3654
тЦБрдФ,2281
тЦБрддреМрд░,2871
тЦБрдЙрддреНрддрд░,3374
рджрд╛рдп,1635
реНрд╡,3021
тЦБрдмрдж,2429
рдГ,2670
рдЗрди,4307
тЦБрд╡рд┐рд░реЛрдз,2551
тЦБрдмреЛрд▓,2021
рдХрд┐,3328
тЦБрдЙрд╕рдХрд╛,2589
тЦБрд╕рд╣реА,2179
рд░реНрдЬреА,1808
тЦБрджрд┐,2440
рдЧреН,2886
тЦБрд╣реБ,2493
рдмрд╛рдж,4001
тЦБрдПрд╕,5257
тЦБрдЬрд╛рдирдХрд╛рд░реА,4909
тЦБрдкреБрд▓рд┐рд╕,12544
тЦБрджреА,16331
тЦБрдХрд░рд╡рд╛,2352
тЦБрджреЗрдЦрдиреЗ,2169
тЦБрд▓рдЧрддрд╛,2102
тЦБрд╣рддреНрдпрд╛,2405
рдЬреЗ,4921
тЦБрдкреЛрд╕реНрдЯ,2005
рд╛рд░реНрдЯ,2595
реЗрдЬ,3647
тЦБA,3926
u,12582
st,2756
r,13267
al,3506
an,5836
n,7105
e,33174
w,6224
p,11155
er,5914
d,11298
f,5940
es,4536
c,11214
it,2577
ic,2408
m,9768
t,16360
тЦБS,4235
en,3912
W,1850
l,13743
o,20118
on,5101
тЦБрдХрд╛рд░,8138
реНрдб,3597
тЦБрдмрдЪрд╛,2405
тЦБрдХреИ,7174
тЦБрдЫрд╛,2609
рдкрд╛,10309
рдВрдн,1705
рд╢рд╛,3773
тЦБрд╕рд╛рдо,4643
рдЧреНрд░реА,1789
тЦБрд╕рд┐рд░реНрдл,3281
тЦБрдЕрдВрдЧ,1829
рд╢реН,12220
тЦБрдЕрд▓рд╛рд╡рд╛,3844
рддрд░рд╛,1905
рд╡рд╛рд▓,6732
тЦБрдкреВрд░рд╛,3264
тЦБрдкрд╣рд▓реА,3160
тЦБрд░реБрдкрдпреЗ,5763
тЦБ19,5184
тЦБрд▓рдЧрд╛рддрд╛рд░,2293
рд▓реЗрдЬ,1794
рдЬреНрдЮрд╛рди,2021
тЦБрдмреА,8640
тЦБрддрд╛,5961
тЦБрдорд╛рд░реНрдЪ,1707
тЦБ/,1814
тЦБрдЕрдкреНрд░,1898
реИрд▓,2930
тЦБрдЖрдпреЛрдЬрд┐рдд,2004
тЦБрдбреЙ,5343
рд╛рд╣,4931
рдкрди,3647
тЦБрдпреВрди,1987
реАрдб,649
тЦБрдЬрд╛рдПрдЧреА,2716
тЦБрдС,6303
тЦБрдЯреЗ,2524
(,1423
B,1800
U,2039
тЦБT,2482
b,6561
тЦБ2019,1759
тЦБрдЧреИ,2773
тЦБрдкреВрд░реНрд╡,5556
рд▓реНрдк,3029
рдВрдЦ,2095
тЦБрдкрддреНрд░,2796
тЦБрдбрд╛,3242
рд░рдг,4703
рдзреЗ,1740
рдХреНрдЯ,6631
тЦБрдХрд░реЗрдВрдЧреЗ,2987
тЦБрдкреА,8810
рдПрдл,2146
тЦБрд╕рдВрдЧ,4529
рдарди,2310
тЦБрднрд╛рдЧ,2895
тЦБрд╕рд░реНрд╡,2661
рдХреЛ,8491
тЦБрдкрдХ,2054
тЦБрдореБ,16843
тЦБрдореМрдд,3151
тЦБрдЕрд╡рд╕рд░,2073
тЦБрд╡рд┐рднрд╛рдЧ,4821
тЦБрдХреНрд░,3927
тЦБрддрдерд╛,7017
тЦБрд░реБрдкрдП,3898
рдЪрд┐рдд,4289
тЦБрдЕрд╕,5068
тЦБрдХрд▓,3403
тЦБрдмреИрда,2914
тЦБрдХреНрд░рд┐рдХ,423
тЦБрдмрдиреЗ,2331
рд░рд╛рди,1899
тЦБрдЦрд╛рди,2923
тЦБрдкреАрдПрдо,1848
рдПрди,2561
тЦБрдкреНрд░рдореБрдЦ,2759
тЦБрд╢рд╛рд╣,2453
тЦБрд╢рд░реА,418
рда,14203
рд╣рд░реА,1935
рдВрд╕рд╛,1667
тЦБрдЕрдзреНрдпрдХреНрд╖,5062
тЦБC,3458
рд┐рддрд╛,5197
рдВрдд,7086
тЦБрдореЛрдмрд╛,1701
рдЗрд▓,2071
рдЯрд╛,8495
рдВрдЬ,2864
тЦБ14,2247
тЦБрдлреАрд╕рджреА,3194
тЦБрдкреНрд░рджреЗрд╢,8182
рдореНрдо,3692
рддреНрддрд╛,2758
рд░реНрдг,2627
тЦБрдХрдВрдк,706
реВрдмрд░,1725
тЦБ16,2066
g,6604
тЦБрд╡рд╛,6526
рдХрд╝,1977
рдмреВ,2041
тЦБI,2850
or,4515
тЦБрдХрд╣реАрдВ,1849
тЦБрдмрд╛рд╣рд░,3656
тЦБрдЬрд╛рдирд╛,2535
тЦБрдпрд╛рддреНрд░рд╛,2044
тЦБрдкрдбрд╝реЗ,1718
тЦБрдиреМ,3389
рдХрд░реА,1930
тЦБрд╡рд╣реАрдВ,5156
тЦБрдХреАрдордд,2025
тЦБрд▓реА,5245
тЦБрдХрдореА,1967
тЦБрдордзреНрдп,2749
/,4973
тЦБрдмреАрдЬреЗрдкреА,2648
рдХрдд,1978
тЦБрдлреАрд╕,666
тЦБрдмреИрдВрдХ,3298
тЦБрд▓рдЧрднрдЧ,2358
тЦБрд▓реЗ,12904
тЦБрдХрд┐рд╕,1953
тЦБрдирд┐рд╡реЗрд╢,1950
тЦБрдХреНрдпреЛрдВ,2297
тЦБрд╕рд╣рдпреЛрдЧ,1658
тЦБрдЕрдЧ,4446
тЦБрд╕реАрдорд╛,1776
тЦБрд╕рдордЭ,4633
тЦБрдЪреБ,3550
тЦБрдЗрд╕рдХреА,2843
рддреНрд░рд╛,2649
тЦБрднреБ,1915
тЦБрдпрд╛рдж,1737
тЦБрдХрднреА,3672
тЦБрдирд┐рд░реНрдг,1707
тЦБрд▓реЗрдиреЗ,2840
тЦБрдкреЗрд╢,2691
тЦБрдЕрдЪреНрдЫреА,2004
тЦБрд╡реА,1737
рдбрд▓,1852
рд▓реНрд╕,1733
рд┐рддрд┐,848
тЦБрдмрд╛рд▓,2642
тЦБрд╡рд┐рдХрд╛рд╕,4560
тЦБ15,3665
00,6668
тЦБрдХрд░реЛрдбрд╝,5946
тЦБN,2960
тЦБрд╣рд┐рдВрдж,1637
реНрд▓рд╛,4108
тЦБрдирд╛рдЧрд░рд┐рдХ,1745
тЦБрдХреЗрдВрджреНрд░,3465
тЦБрдЬрд╛рдВрдЪ,4055
тЦБрд╕рдВрдШ,3174
тЦБ10,5331
рд╛рдпрд▓,2229
тЦБрдмрд┐,4750
рд┐рдП,5643
тЦБрдЙрдкрд▓рдмреНрдз,2172
тЦБрдХрд┐рд╕рд╛рди,1556
тЦБрд░рд╣рдиреЗ,2999
тЦБрдорд┐рди,1779
тЦБрдмрджрд▓рд╛,1766
рднрд╛рдЧ,1127
тЦБрдЕрд╕реНрдкрддрд╛рд▓,2370
тЦБрд░реИ,1794
рдВрдб,13812
рд╣рд░рд╛,3144
рд╣рд░,5891
реНрд▓,6169
рдбрд╛,2692
тЦБрдСрдл,3335
тЦБрд╡рд╣рд╛рдВ,3339
тЦБрд╣рд╛рде,3540
тЦБрджреВрд░,3131
реЛрдбрд╝,918
тЦБрдмрдбрд╝рд╛,3107
тЦБрдмрдирд╛рдП,2057
тЦБрдЪрд╛рд╣рддреЗ,2329
реВрдм,2167
рдХрд┐рди,837
тЦБрдЬрд░реВрд░,1241
рд╛рдВрддрд┐,1660
реВрдд,2141
рднрд╛,7117
тЦБрджрд┐рди,9695
рез,1462
рек,327
репрекрен,17
тЦБрд╕реБрдмрд╣,2603
тЦБрдмрдЬреЗ,2692
тЦБ12,3790
тЦБрдкреНрд░рд╢,2100
рд╛рдВрдд,2088
тЦБрдкреЛ,1714
тЦБрдордЬрдмреВ,1675
рд┐рд▓реЗ,1437
тЦБрджреЛрд╕реНрдд,1636
тЦБрдпреЛрдЧ,3838
тЦБрдорд┐рд▓рд╛,3765
тЦБрдкреВрд░реА,4374
рддреНрдп,3396
тЦБрдИ,6234
тЦБрдПрдо,2649
рдПрдо,5823
рдмрдВрдз,2504
тЦБрд╕реБрд░,2868
реЗрд╢,8443
тЦБрд░рдВрдЧ,2823
тЦБрдХреБрд▓,3435
тЦБрдЖрджрд┐,3378
тЦБрд╕рд╛рдордиреЗ,4567
тЦБрдлреИрд╕,1514
тЦБрд░рд╣рддреЗ,1829
тЦБрдмреАрдЪ,6845
тЦБрд╕рд╣,4083
тЦБрдХреЛрд░реНрдЯ,3441
рдЬреН,1857
тЦБрдиреЛрдЯ,2379
реЗрдВрдЧреЗ,6190
тЦБрдЪреА,3439
тЦБрднрд╛,4944
рд╖рд╛,2888
тЦБрд▓рд┐рдЦрд╛,2110
рд░реБ,1635
тЦБрдЧрд╛,3797
рдБ,9592
тЦБрдзрд░реНрдо,2888
тЦБрд░рд╛рдЬрдиреА,35
рд┐рдпрд░,3422
тЦБрдЪреБрди,1831
рд╣рд╛рдБ,2522
рддреНрдордХ,1750
тЦБрд╡реЛ,7066
тЦБрд╡рд┐рд╖,1832
тЦБ...,1925
рд╣рдд,3607
рд╡рд╛рдж,4567
тАв,363
рдиреНрдж,4094
рд┐рди,9251
тЦБрд╢рд╛рдорд┐рд▓,5151
тЦБрдмрд▓реНрдХрд┐,2423
тЦБрд╕рд╛рдл,1656
тЦБрдордВрддреНрд░реА,5369
v,4688
y,7788
x,2295
тЦБt,2676
тЦБрдмреЗрд╣,1904
тЦБрдЬрдЧрд╣,3445
реВрдо,3850
тЦБрдирд┐рдХрд▓,1833
тЦБрд╣рд┐,8133
рдВрджреА,3397
тЦБрдкреИ,5932
рдВрд╣,1996
тЦБрд╡рд╛рдкрд╕,1675
рдЧрд▓,2242
тЦБрд╕реЛрдорд╡рд╛рд░,1974
тЦБрдорд╛рдВ,2463
рдЪрд╛рди,938
тЦБрдЖрд░реНрдерд┐рдХ,1792
тЦБрджреМ,2167
тЦБрд╣рд╛рд╕рд┐рд▓,2004
тЦБрдЖрдж,2894
рдВрдЧреЗ,3845
тЦБрдПрдХреНрд╕,1795
тЦБрдЕрдВ,6218
тЦБрдкрд┐рдЫ,1037
тЦБрдХрдИ,10166
тЦБрд╕рдж,941
тЦБрд╡рд┐рдХ,3090
тЦБтАУ,2972
тЦБрдореБрдВрдмрдИ,2543
рд┐рдпрди,3496
тЦБрддрд╣рдд,3394
рдВрдз,5351
тЦБрдЗрд╕рд╕реЗ,5404
тЦБрд╡рд┐рд╢реНрд╡,4209
рдЧрд░,7455
тЦБрд╕реНрдк,3467
тЦБрдореАрдбрд┐рдпрд╛,3868
реНрд╕,10585
тЦБрдЫреЛрдбрд╝,2688
000,2522
тЦБрдмреИрдВ,1268
тЦБрд╕рд┐,11411
тЦБрд▓реМ,1721
тЦБрддрд╕реН,1839
рд╡реАрд░,2781
тЦБрдЗрдВ,3391
тЦБрд╢реЗрдпрд░,2336
тЦБрдмреЗрдЯ,2067
рдВрдЪ,8407
рдК,3805
рдЪреНрдпрд╛,2091
реБрд░реБ,2413
тЦБрдЖрд╣реЗ,2711
рдВрдЯ,6364
тЦБрдирд┐рдХрд╛рд▓,1813
тЦБрднреЗ,2100
тЦБрд╕реВрдЪрдирд╛,2358
тЦБрддрд┐,2441
тЦБрдЙрд╕рдХреА,3754
рдХрд▓,2132
рдкреНрдд,2628
тЦБрд▓рдЧрд╛рдиреЗ,1704
тЦБрдЗрддрдирд╛,1733
тЦБрдзреНрдпрд╛рди,2547
тЦБрдиреЗрддрд╛рдУрдВ,1760
реНрдпрд╛рд▓рдп,1989
тЦБрд╢реНрд░,1834
рджреНрдз,8119
рд▓рд┐,3209
тЦБрдлреЛрдЯ,1835
рд╡реБрдб,1660
рд╛рдореА,3038
тЦБрд░рдЦрд╛,2393
рд░реНрдо,7714
рд░реЛ,4748
тЦБрдЗрд▓рд╛,3918
тЦБрдЬрд▓,2382
тЦБрдЕрд░,3521
рддрд┐рдпреЛрдВ,1858
тЦБрдбрд╛рд▓,2773
реЛрд╕,2026
тЦБрдХрд┐рдд,1908
тЦБрдорд╣рд┐рд▓рд╛,5303
тЦБ.,11767
тЦБрдХреНрд▓,1806
тЦБрд╡рд░реНрдЧ,1729
тЦБ:,5747
рд┐рдпрд╛рди,301
тЦБрдЪрд╛рд░,4064
рдЗрд╕,1955
тЦБрдлреЗ,2311
тЦБрд╕рд┐рдд,1920
рдВрдмрд░,3108
рдЧрдврд╝,3243
реГрд╣,1712
рдХрдЯ,1676
тЦБрдорд╛рдВрдЧ,5533
тЦБрдШрд░,7284
тЦБрд╢реБ,2916
тЦБрдЖрдпреЛрдЬрди,1635
тЦБрдорд╣рд┐рд▓рд╛рдУрдВ,2228
тЦБрджрд┐рдП,3841
тЦБрдЬрд╛рдиреЗ,8454
тЦБрддреЗрд▓,1705
рдЦреНрдпрд╛,798
тЦБрднрдЧрд╡рд╛рди,1747
тЦБрдЕрдз,4039
тЦБрдЬреЗ,2845
тЦБрдЪрд▓рддреЗ,2297
тЦБрдХрд╛рд░рдг,6933
тЦБрдХрд╛рдлреА,5233
┬л,57
реЗрдВрдЯ,4242
!,4573
рд┐рд▓реА,1995
F,2494
L,3171
K,2105
тЦБP,4342
тЦБM,3148
ing,2396
тЦБH,3732
G,2750
┬╗,723
рдореЗ,3559
тЦБрд╕реЗрдирд╛,2202
тЦБрдХрджрдо,1726
тЦБрдорд╛рдирд╛,1947
тЦБред,6919
тЦБрдореГрдд,1676
тАФ,1850
рд╕рдо,2382
тЦБрд╢рд╛рдо,1697
рд░реНрдл,1134
рдВрдХрд╛,2692
тЦБрдЕрдн,2955
тЦБрдУрд░,5020
рд╡рд╛рд╣,2416
"тЦБ""",3491
рдХреНрд╖рд╛,4263
тЦБрдорджрдж,2980
тЦБрдЕрдореЗрд░рд┐рдХрд╛,2136
тЦБрдШрдЯрдирд╛,4060
рдЬрд╛рд░,1435
рд╕рд▓,3924
рдЧреВ,1964
тЦБрдкрд╛рдХрд┐,890
тЦБрдЬрдо,2871
тЦБрдХрдВрдкрди,2227
реНрдпрд╛рди,835
рдЦрд╛,4428
реНтАН,4425
тЦБрдЬрд┐рд▓реЗ,2597
тЦБрдХреБ,5408
ad,2532
рдбрд╝рдХ,790
тЦБрдкрд╛рдиреА,3750
реЛрди,3393
рдмрд╛рдЬреА,1839
тЦБрд╕рд╣рд┐рдд,2163
тЦБрдЖрд░реЛрдк,5151
тЦБрдкрд╣,4514
тЦБ2018,2718
рдЧрдо,2022
тЦБрд░рд╛рдп,1745
рдВрддреНрд░,3444
тЦБрд░реЛ,6805
тЦБрдПрди,3194
тЦБрдмрд┐рд╣рд╛рд░,1994
тЦБрдореБрдЦреНрдпрдордВрддреНрд░реА,4738
рдЯреЗ,6971
тЦБрд╢реНрд░реА,6231
рд╢реНрдореАрд░,2340
тЦБрдиреНрдпрд╛рдпрд╛,2104
рд▓рдп,1673
тЦБрдордВрдЧрд▓рд╡рд╛рд░,1910
рд╛рд╕рди,1507
тЦБрд░рд╛рд╖реНрдЯреНрд░реАрдп,2999
рдлреН,1683
тЦБрд╡рд╛рд╣,2153
тЦБрджрд┐рдиреЛрдВ,3497
рддреН,12629
тЦБрдорд╛рдо,1528
тЦБрдЙрда,2481
тЦБрдлреЛрди,2193
тЦБрдмреЛ,4158
тЦБрд╢рд┐рдХрд╛рдпрдд,2247
рдЬреНрдЮ,2791
рдХрд╛рд░реА,1753
рев,38
рдиреНрд╣реЗрдВ,1745
тЦБрдЪреАрди,2134
тЦБрд╕реНрд╡рд╛рд╕реНрдереНрдп,2022
рд░рд╛рд╡,2086
тЦБрдкрдбрд╝рд╛,1990
тЦБрд╡рд╛рд▓рд╛,3349
тЦБрдорд╣реА,746
тЦБрддреАрд╕,1849
рд╢рд┐,1662
тЦБрд╕рд┐рдВрд╣,11704
рд╕рд┐,2442
тЦБрдЧрдг,1700
тЦБрдореМрдХреЗ,2593
тЦБрдкрд╣реБрдВрдЪреЗ,1992
реЗрдВрд╕,2904
тЦБрд▓рдЧрд╛рдпрд╛,2342
тЦБрдЙрдиреНрд╣,669
тЦБрдЕрджрд╛рд▓,1739
тЦБрдЬреАрдд,3744
рд╡реЗрдВ,1833
тЦБрд╕реНрдерд╛рди,3309
рдЖрд░,3837
тЦБрд╢рд┐рдХреНрд╖рд╛,2794
тЦБрдкрддреНрдиреА,1994
тЦБрд░рд╡рд┐рд╡рд╛рд░,1788
тЦБрд╢реЛ,1988
рд╢реА,7103
тЦБрдЕрднрд┐рдпрд╛рди,1713
тЦБ30,2309
рдЛ,1587
рддрд┐рдХ,2748
тЦБрдЦрд╝,2770
тЦБрдмрдВрдж,4270
тЦБрд╢реБрд░,511
тЦБрдХрд╛рд░реНрдпрдХреНрд░рдо,3609
тЦБрд░рд╛рдд,2977
тЧП,77
тЦБрдорд╛рд▓,2737
тЦБрд▓рд╛рд▓,2966
рд╕реНрдерд┐рдд,1840
тЦБрдзреЛ,1872
тЦБрджреН,1497
реАрдп,2721
реАрди,6433
тЦБрдкрддрд╛,3427
тЦБрд╢рд┐рд╡,4053
тЦБрдард╛,1643
рд╢реНрдо,876
R,1860
S,3784
M,3004
тЦБрднрд╛рд░реА,1793
тЦБрдЖрд╕,2659
рд╡рд╛рд╕,5128
тЦБR,2807
тЦБрдЙрдкрд▓рдмреН,289
тЦБрд╕рд░рдХрд╛рд░реА,2476
рд░реНрдХ,3572
тЦБрдирд┐рдпрдо,2012
тЦБрдХрд╛рди,1482
тЦБрдмрд┐рдирд╛,2445
тЦБрдЬрд░реВрд░рдд,2007
тЦБрд╣реЛрдЧреА,4830
тЦБрдлреИ,2728
тЦБрд╕рдореНрдорд╛рди,2020
тЦБрдкреВрдЫ,2862
тЦБрд╡рд╛рд▓реА,6852
тЦБрд░рд╛рд╖реНрдЯреНрд░,1835
рдпреЛрдЧ,2287
тЦБрд╕рдХреЗ,2585
тЦБрдЙрд╕реА,1693
рд░реНрдп,3709
тЦБрдЕрд╣рдо,1965
рдХреНрдЯрд░,4471
тЦБрдХреГ,3179
рдЯрд▓,1844
тЦБрдЦрд┐рд▓рд╛,2671
тЦБрд╕рдЪ,1559
тЦБрдмрдЪреНрдЪ,1362
рд╕рд╛рд░,2165
реВрдБ,2267
тЦБрдЙрди,6600
тЦБрдмреБ,5947
рд░рд┐,1378
рд╡рд╛рдИ,3371
тЦБрдЪреБрдХреА,2322
T,2669
тЦБрдХрд╛рд░реНрд░рд╡рд╛рдИ,2282
тЦБрджрд░реН,3892
рджреАрдк,1647
рд╡рд▓,2267
тЦБрдкрд┐рддрд╛,2096
тЦБрдкрд┐,1681
рджрд░реН,2409
рд╡рдд,1747
рд╡рд╛рджреА,2276
тЦБрд░рд╛рд╣,772
тЦБрдЪрд╛,2043
тЦБрд╕рдореНрдо,1106
реНрд░реЗрд╕,2313
рд░реНрдЪ,2881
тЦБрдкрдВрдЬрд╛,236
рд╣реАрдВ,1901
рд╡рд░реА,2104
рддреНрдпрд╛,2421
рдареА,3061
тЦБрдЕрд░реНрде,1690
тЦБрд░реБрдк,814
тЦБрд╕рдВрдЦреНрдпрд╛,2492
тЦБрдмрдбрд╝реА,4032
>,1499
тЦБрдмрдЪ,1906
рдВрдЯреЗ,2049
тЦБрд░рд╛рд╣реБрд▓,2492
рддрди,3559
тЦБрдкреНрд░реЗ,2975
тЦБрддрд╛рдХрд┐,1793
рдЪреНрдЫ,2525
тЦБрд╡реИ,3673
тЦБрд╣рд╛рдИ,1826
тЦБрд╕реЛрдЪ,1906
тЦБрдирд░,1031
тЦБрдЕрдк,6560
тЦБрдлрд┐рд▓,1416
рдлреА,2344
om,2971
тЦБрджреМрд░,1184
тЦБ13,2104
рдкрдХ,1729
тЦБрдЧреМрд░,1772
рд▓рдм,2311
тЦБрдирдП,2720
рднрд╛рд░,1968
тЦБрдХрд░рдХреЗ,3013
тЦБрдЬрд╛рддреЗ,3396
тЦБрддреЗ,2966
тЦБрд╕рд╣рд╛рдп,1770
тЦБрдЬрдп,2284
тЦБрднрд╛рдИ,1985
рд╛рд░реНрдб,1946
рдирд▓,2087
рд┐рдпрдо,2579
тЦБрдордВрддреНрд░рд╛рд▓рдп,1700
тЦБрд╕рдорд┐рддрд┐,1831
тЦБрд╢рд╣рд░,3773
тЦБрдирд┐рд░реНрдорд╛рдг,2758
тЦБрдмрдЬ,2387
рдЬрдкрд╛,274
тЦБрд╣рд░рд┐рдпрд╛рдгрд╛,2139
тЦБрдЙрдореНрдореАрдж,1913
рд╣рд╛рд▓,1902
тЦБрдЖрджреЗрд╢,2300
тЦБрд╡рд░рд┐рд╖реНрда,1799
тЦБрд╢рд░реНрдорд╛,3317
рдХреНрд╢рди,2016
рд┐рдпреЛ,2672
тЦБрдЪрд╛рд▓,1786
тЦБрдлрд░,2241
реНрдпреЛрдВ,3414
тЦБрдмреИ,3550
..,2031
тЦБрдмреБрдзрд╡рд╛рд░,1793
тЦБрдпреБрд╡рд╛,2413
тЦБрдорд┐рд▓рдиреЗ,2085
реЛрдЬрдирд╛,1361
тЦБрдЬреЗрд▓,1665
рд╡рд╛рд╕реА,2491
рдХреБ,2363
рдорд╛рд░,3175
тЦБрд╕реНрдерд┐рдд,2950
реМрд░,3948
N,1519
C,2354
тЦБрдПрдЬ,1823
тЦБрджрд┐рд╕,1919
рдбрд░,2299
реВрд░реН,2783
тЦБрдЙрддреН,4211
тЦБрдХрд╛рд░реНрдпрдХрд░реН,1872
тЦБрд╕рдорд░реНрдерди,1684
├п,428
тЦБрдореА,2607
тЦБ11,3109
тЦБрдХрд░реНрдо,4203
тЦБрд╕рдВрдмрдВрдз,4496
рддреБ,2328
рд╡рд░реН,2188
тЦБрд╢рд┐,1877
рей,389
реи,1036
тЦБрджрд╛,4810
рдХреНрд░рдо,1083
$,257
тЦБрдЗрд╕рдореЗрдВ,4059
рдкреНрддрд╛,3721
тЦБрдЯреНрд░реЗ,2402
тЦБрд╡реАрдбрд┐рдпреЛ,2941
реАрдХ,386
тЦБрд░рдг,1743
тЦБрдмреНрд▓,2139
тЦБрдЙрдкрдпреЛрдЧ,2151
тЦБрдкрдВ,1333
тЦБрдкреНрд░рдХрд╛рд╢,2072
тЦБрджреЗрддреЗ,3174
тЦБрд╢рдирд┐рд╡рд╛рд░,1801
тЦБрд╡рд┐рдз,1984
тЦБрд╕рд░,3699
тЦБрдиреНрдпреВ,2343
рдЪрд╛рд▓,1768
тЦБрд╡рд┐рд╢реЗрд╖,3490
тЦБрдорд┐,3530
тЦБрдХреЗрдВрджреНрд░реАрдп,1741
тЦБрд╕реНрдо,2068
рд╖рдг,2833
рдХреНрд░,2556
рдирд┐рдпрд╛,1685
тЦБрдореЛрд╣,1711
тЦБрдмрд╣,4453
тЦБрдХреЛрд╢рд┐рд╢,2651
тЦБрд░реБ,2719
тЦБрдкрд╛рд░,2407
рд╡реНрдп,2039
рдЪреНрдЪ,1377
тЦБрджреЗрдирд╛,1730
рдЦрдВрдб,1890
рдордд,1407
тЦБрдХрдк,4436
реНрд╡реА,2097
тЦБрд╕рджрд╕реНрдп,2007
тЦБрд╕рдорд░реНрде,871
реАрд▓,1704
тЦБрдореИ,5373
тЦБрдорд╛рд░,3162
тЦБрд╕рдВрдп,2092
тЦБрдЧреБрдЬ,1737
рд░рд╛рдд,2230
тЦБрдХреНрд╖,2186
рдорддрд╛,1842
рддреНрд╡,2860
рд╛рд▓рдп,1191
тЦБрд▓рд┐рдЦ,2838
тЦБрд▓реЛ,1920
тЦБрдЦрд░реАрдж,1776
тЦБрдЪреМ,5884
тЦБрдмрд░,2814
тЦБрдХрд░реАрдм,3971
P,2788
тЦБрдбрд┐,5187
рдХрд╛рди,2722
рдЬрд┐рдХ,1701
тЦБрдзрди,2382
рд▓реНрдб,2709
рдЦрди,1735
тЦБрд░реЗрд▓,2565
рдлреНрдд,1041
тЦБрдЕрдЦ,2521
рдордВрддреНрд░реА,1348
тЦБрджреЗрд╢реЛрдВ,1798
рд┐рддреНрд░,2357
тЦБрд╣рд┐рд╕реН,1362
тЦБрдЕрдЪреНрдЫ,1358
тЦБрдЕрдВрдд,1859
тЦБрдХрд┐рд╕рд╛рдиреЛрдВ,2143
тЦБрдЧрдпреЗ,2129
тЦБрдЧрдпреА,2543
di,3496
тЦБрдЬрд▓реНрдж,1765
рд▓рд░,2720
тЦБрд╡рд╛рд▓реЛрдВ,1865
рдВрджрд╛,2669
рдВрдЧрд╛,3134
тЦБрдорд╣рд╛рд░рд╛,1957
тЦБрд╕реИ,2227
рд╖реНрдг,1884
рд╣рд┐рдд,3270
тЦБрдХрд╛рдиреВрди,2054
тЦБрджреВрд╕рд░реА,2445
тЦБрдЖрд░реЛрдкреА,1868
тЦБрдЧрд┐рд░рдлреНрддрд╛рд░,2037
тЦБрдпрд╛рджрд╡,2889
тЦБрд▓реЛрдХрд╕рднрд╛,1950
тЦБрднрдЧ,517
рд┐рдпреЗ,3014
тЦБрдкреНрд░рднрд╛рд╡,2575
тЦБрдкрддрд┐,1653
тЦБрд╕рджрд╕,998
тЦБрдирд╣реА,1824
тЦБрдкрд░реЗрд╢,2135
тЦБрд╕реНрде,3450
рд╛рдиреАрдп,1690
тЦБрдмрд▓реН,418
тЦБрдК,2865
тЦБрдкреНрд░рд╢рд╛рд╕рди,2243
рд┐рдЬ,2122
тЦБрдЕрдиреБрд╕рд╛рд░,4377
рддреНрдо,3397
тЦБрдЬрд┐рд╕реЗ,2011
тЦБрдкрддреНрд░рдХрд╛рд░,2337
рд╕реНрддрд╛рди,1521
рдирд╛рде,2680
тЦБрдкреНрд░реЛ,2998
рдЧрд╛рд░,1976
тЦБрдЧрдВ,437
рдиреНтАН,1820
тЦБрд╢рдирд┐,292
тЦБрдордВрджрд┐рд░,2780
рд╕реНрдерд╛рди,2924
рдбреЗ,4154
тЦБрдкрд╛рдП,1689
рдкрддрд┐,1366
рдирд╛рд╡,1495
тЦБрджреЗрдЦрд╛,2288
"""",2085
тЦБрдмрдбрд╝реЗ,3201
рд╡реЗрд╢,1605
тЦБрдХрд╛рд░реЛ,1918
рдВрдбрд▓,1830
тЦБрдордВрддреНрд░,1230
%,2347
тЦБрдЕрдл,2671
тЦБрддрд░рдл,2923
тЦБрдЧрдВрднреАрд░,1870
тЦБрд╢рд╛,2358
рдХрд╛рдм,171
*,1547
тАУ,316
реВрдХ,2037
рдЯрдирд╛,1897
реНрд╖,1781
рд╡рд┐рджреНрдпрд╛рд▓рдп,1674
рдВрдЧрд▓,1427
рд░реНрдб,4269
тЦБрдЯреИ,1739
тЦБрдЬрд▓реН,882
реЛрд░реА,1832
реЛрд╖,1920
рдмрд╣,363
реБрдд,2421
тЦБрдмрдЪреНрдЪреЛрдВ,3049
J,1637
тАШ,1722
-1,2792
рдЪрд▓,2086
тЦБрджреЗрд░,1759
тЦБрдЖрд╣,1441
тЦБрд░рд╛рд╢рд┐,2241
реАрд╕,422
тЦБрд░рд┐рдХ,2741
тЦБрд╡рд┐рд░реЛ,851
тЦБрдЬрд┐рд▓рд╛,4299
рдкреБ,2212
тЦБ50,1989
тЦБрдерд╛рдирд╛,1694
рд░рд╛рдм,2662
тЦБрдЖрддрдВрдХ,2103
рд╛рдд,2944
тЦБрдирдИ,4241
тЦБрдЗрдВрдбрд┐рдпрд╛,2809
рднрд░,1954
тЦБрджрдХреНрд╖рд┐,1621
рдР,595
рдЧреЗ,2029
рдореБ,2952
реЗрдВрджреНрд░,2706
"тЦБ,",4516
рдгреНрдб,1974
реНрд░рдо,2451
тЦБрдореБрд▓рд╛,1625
рджрд╛рд░реА,2858
рд▓рд┐рдП,642
рдЮ,182
рео,259
реж,1653
тЦБрдЪреБрдХрд╛,2055
тЦБрдЬрдиреНрдо,1850
[,1399
],1487
тЦБрдордЬ,1817
рд╢реНрдп,1251
рджрди,2563
тЦБрдкрд╛рд▓,1924
тЦБрд╕реБрди,3114
тЦБрджреЗрд╡,1895
рдЬреЛрдВ,2860
тЦБрдкрддреН,1204
тЦБрд╕рд╛рдВрд╕,2245
тЦБрдмрдЪреНрдЪреЗ,2104
тЦБрдкреБрд▓,858
тЦБрдирдЧрд░,2862
рдЪрд╛рд░рд┐рдпреЛрдВ,1639
тЦБрдкреНрд░рдзрд╛рди,1464
рддрд╛рд▓,1102
at,4546
Y,751
тЦБрд╡реНрдп,2591
тЦБрдорд┐рд▓реА,2960
тЦБ25,2369
тЦБрдШреЛрд╖,1208
тЦБрдирд░реЗрдВрджреНрд░,1887
реЗрдВрдж,581
тЦБрд░реЛрдХ,2327
тЦБрд╕реАрдЯ,2958
тЦБрд╡рд┐рд╢реН,1957
тЦБрд╕рдХ,2379
тЦБрд╡рд┐рднрд┐рдиреНрди,2197
реВрд╣,1939
тЦБрд╢реЗ,1113
тЦБрдмрдпрд╛рди,2462
рджрд┐,1448
Z,279
тЦБрд▓реЙ,1745
тЦБрдпреБ,2130
рдВрджреНрд░,2310
рдй,814
тЦБрд╕реЛрд╢рд▓,1742
реНрдпрд╛рджрд╛,649
тЦБрдЕрдзреНрдп,855
тЦБрдореЗрд░реЗ,3154
тЦБрдореЗрд░реА,2212
рел,560
тЦБрдереЛ,1859
тЦБрдЕрдж,506
реБрдУрдВ,1653
@,390
рдпреЛрдВ,2159
реЗрд╖,826
тЦБрдЧреБрд░реБ,2737
рджреНрд░,3091
тЦБрдЦрд╛рд╕,2579
тЦБрд╡рди,2111
рд╛рдорд╛,1732
тЦБрдХрдЯ,1793
тЦБрд╕реБрдкреНрд░реА,1731
рд╣рд╛рдВ,583
тЦБ17,1840
рд╛рдпрдХ,1356
тЦБрдмреБрдз,160
тЦБрдЬреНрдЮ,1708
рджрдо,705
тЦБрдЧрд╛рдВ,384
рд╛рд░реНрдо,1858
тЦБрд╕рд▓,1636
рдФ,513
рдЩ,314
рдорд╛рдг,1563
тЦБрддрдо,1822
рдЬрд┐,1952
реЛрдВрдиреЗ,1650
тЦБрдЕрд╕реНрдк,297
тЦБрдкрдВрдЬрд╛рдм,1937
тЦБрдЧреЗрдВрдж,2444
тЦБрд╢реБрд░реБрдЖ,415
тЦБрдкрд░реН,1842
реБрдЖ,908
рдорд╛рд▓,634
тЦБрдкрд╕,321
рдЯреНрд░,1739
рдЬрд╣,185
тЦБрд╕рд╛рдд,1792
рдХреНрддрд╛,1698
рд▒,279
тЦБрдЖрдпреЛрдЬ,161
тЦБрдЕрдЪреНрдЫрд╛,2318
X,412
тЦБрдЖрдд,971
тЦБрдмрд┐рдЬ,491
реАрд░,2347
рд░рд┐рдпрд╛,2017
рд╢рдд,447
тЦБрдЧрд┐рд░рдлреНрдд,587
тЦБрд╢рд░реАрд░,1735
тЦБрдЬреН,422
тЦБрдЕрдзрд┐рдХрд╛рд░,1684
├У,131
реР,71
рдЬреЗрдкреА,116
тЦБрд╡рд╛рдк,755
тЦБрдЦрд░реА,1025
тЦБрдЖрд░реНрде,60
реЙрдк,1870
тЦБрднрд░реН,1704
тЦБрд╢реБрд░реБрдЖрдд,1666
тЦБрддреИ,1141
тЦБрдкрд╣реБ,789
рд╢рд▓,971
яЩВ,1
тЦБрд░реЛрдЬ,2205
рддреГ,1718
j,1564
рдХрд╛рд╢,1092
рджрд░реНрд╢рди,460
тЦБрдорд╛рдзреНрдп,45
тЦБрдХрд╛рд░реНрд░,41
тЦБрдЕрдЧрд▓реЗ,1692
тЦБрд╡рд╛рд▓,396
тЦБрдЕрд▓рд╛,238
тЦБрддреИрдп,1158
"),",1755
тЦБрдХрд░реА,725
реЗрддреНрд░,516
рддрд╛рдм,979
рджреНрдпрд╛рд▓рдп,847
тЦБрдЙрдкрд▓,105
рд░реНрдЪрд╛,712
тЦБрд░рд╛рд╖реНрдЯ,100
рд╡рд╛рд░рд╛,498
....,1434
рдВрддреНрд░реА,145
рд╡рд┐рдзрд╛,147
рднрд┐,335
&,379
H,812
тЦБрдЬрд╡рд╛,405
тЦБрдХрд╛рдВрдЧ,586
рд╣рдо,993
\,88
рдВрдмрдИ,199
рдпрд╛рди,724
╨Ф╨╡╨▓╨╛╤З╨║╨╕,1
╨╜╨╡╨┤╨░╨▓╨╜╨╛,1
╨▓,22
╨Ю╨┤╨╜╨╛╨║╨╗╨░╤Б╤Б╨╜╨╕╨║╨░╤Е,1
╤Г╨▓╨╕╨┤╨╡╨╗╨░,1
╤А╨░╨▒╨╛╤В╤Л,1
╨╛╨┤╨╜╨╛╨╣,1
╨▓╤П╨╖╨░╨╗╤М╤Й╨╕╤Ж╤Л,1
╨╕,23
╨┐╨╛╤В╨╡╤А╤П╨╗╨░,1
╨┐╨╛╨║╨╛╨╣,1
╨┤╨░╤А,1
╤А╨╡╤З╨╕,1
╨╜╨╡,11
╨╝╨╛╨│╤Г,1
╨┐╨╛╨┤╨╡╨╗╨╕╤В╤М╤Б╤П,1
╤Б,6
╨▓╨░╨╝╨╕,1
╨╕╨▒╨╛,1
╤Н╤В╨╛,3
╨и╨Х╨Ф╨Х╨Т╨а╨л,1
╨б╤А╨░╨╖╤Г,1
╤Г╤В╨╛╤З╨╜╤О,1
╤Н╤В╨╛╤В,1
╨┐╨╛╤Б╤В,1
╨▒╤Л╨╗,2
╤Б╨╛╨╖╨┤╨░╨╜,1
╤А╨░╨╖╤А╨╡╤И╨╡╨╜╨╕╤П,1
╨░╨▓╤В╨╛╤А╨░,1
╤А╨░╨▒╨╛╤В,1
╨Ч╨░,1
╤З╤В╨╛,9
╨╡╨╣,1
╨▒╨╛╨╗╤М╤И╨╛╨╡,1
╤Б╨┐╨░╤Б╨╕╨▒╨╛,1
тАЬ,153
тЦБрдкреАрдЫ,238
ремреп,11
тЦБрджрдХреНрд╖,167
рд╕реНрдпрд╛,323
тЦБрдореАрдб,62
рдЭреЗ,992
рд╣рд╛рдп,231
тЦБрд╡рд┐рдзрд╛рди,426
тЮб,5
тЦБрдордВрдЧрд▓,445
Q,395
├╣,1
рд┐рд▓реНрд▓реА,368
рдО,61
рдкреНрд░реА,453
q,436
тЦБрд╢реБрдХреНрд░,328
рд╢реНрдпрдХ,138
тЦБрдХреЗрдВрдж,34
=,369
==,29
рддреЗрдорд╛рд▓,84
рд╣рд╛рд╕,175
реЗрд╢рд╛,119
тЖТ,88
тЦБрд╡рд░рд┐,84
рем,267
рд╛рдВрдХрд┐,45
тЦБрдирд╛рдЧрд░,129
тЦБрдЬрдиреН,339
тЦБрдХреЛрд╢,219
тЦБрдордж,470
рдкреВрд░реН,303
тЦ║,178
z,818
╫в╫С╫и╫Щ╫к,3
яЛЦ,1
├г,4
╨▒╨╡╨╗╨░╤А╤Г╤Б╨║╤Ц,1
хдй,2
хЙН,19
х╣┤,6
щЯ│ф╣Р,1
┬й,87
ф╕кцЬИ,10
реБрдб,318
тЦБрдЖрд╡,361
_,318
тЦБрд╕реЛрдо,262
реп,193
┬Э,1
╤П,2
╤Б╨║╨░╤З╨╕╨▓╨░╤О,1
╤В╨░╨╝,1
╨╜╨░╨┐╨╕╤Б╨░╨╜╨╛,1
╨╛╤И╨╕╨▒╨║╨░,2
╤А╨░╨╖╨▒╨╛╤А╨░,1
╨┐╨░╨║╨╡╤В╨░,1
╨┐╨╛╤З╨╡╨╝╤Г,2
+,432
тЩе,17
яЖо,1
тЦБрд╣рд░рд┐рдпрд╛,157
рд╕реНрдереНрдп,133
рд╛рдореАрдг,48
рен,247
ренрем,4
┬╖,157
тБД,146
}@,16
{,265
__,145
}}@,10
}},25
},197
q_,12
~,38
тЦБрд╣рд╛рд╕,72
├Ч,40
<,102
репрен,19
репренрен,2
рднрдЧ,149
тЦБрдЖрд░реЛ,42
рднреАрд░,144
рекрей,9
рейрем,13
тЮМ,3
╬▒,19
╬╗,21
тЦБрд╡реАрдб,118
╬╝,29
╠И,141
ре╜,8
╠Д,6
родрооро┐ро┤рпНржмрж╛ржВрж▓рж╛р┤ор┤▓р┤пр┤╛р┤│р┤В,5
рее,164
тЦБрдордВрдж,227
++,14
тШЕ,40
╪и┘И╪╡┘Д╪к┘Г,3
╪╖╪▒┘К┘В┘Г,3
┘Ж╪н┘И,3
╪з╪н╪к╪▒╪з┘Б,3
╪з┘Д╪и╪▒┘Е╪м╪й,3
╪и╪│┘З┘И┘Д╪й,3
рдН,67
ре░,97
├н,18
тШЭЁЯП╗тШЭЁЯП╗тШЭЁЯП╗тШЭЁЯП╗,1
рд╜,126
`,94
рдореНрдореАрдж,18
рднрд┐рдиреНрди,61
тА║,93
тЬФ,11
тЧЛтЧЛ,1
┬о,21
юаГ,3
тЖУ,1
XX,8
├к,12
├Й,5
├и,26
├й,151
├а,23
├пq,1
^,19
тЙд,6
┬░,21
├У├У,9
тмЗя╕П,2
тШ╕я╕П,4
тИТ,18
я┐╝,7
тЦк,6
ржмрж╛ржВрж▓рж╛,9
===========================================================================================,2
тЦ╝,9
тЖС,24
┼╕,9
тАЪ,22
┬г,15
ре▓,3
Z+,2
тА▓тА▓,5
реорек,5
├а┬д,137
╠И├а┬д┬┐├а┬д┬░├а┬е┬Н├а┬д,1
╠Д├а┬д,7
├а┬д┬д,3
├а┬е┬Н├а┬д┬░├а┬д┬м├а┬дтАЪ├а┬д┬з├а┬дтАв,1
<ф╕╢`,1
тИА,1
╧Й,1
╠Б,28
яРА,3
тЬл,1
╪з┘Д╪л╪з┘Ж┘И┘К╪й,1
╪з┘Д╪╣╪з┘Е╪й,1
тВ╣,39
ренрек,13
├╝├Я,1
├╢,20
репрепреп,5
цЧецЬмшкЮ,5
├▒,10
чоАф╜Уф╕нцЦЗ,2
рекрекрен,1
ЁЯШЬтЭдя╕П,1
реорекрем,1
уАб,4
тЭдтЭдЁЯШО,1
ЁЯШВ,4
ЁЯЩПЁЯТкЁЯТк,1
тАб,6
тАЮ,4
реК,197
╨╛,7
╨╡╤Г,1
╨╛╨╛,2
╨╡,2
╤Ц,2
╤А,1
╨Т,4
тЩж,8
├Ы,8
яУЪ,2
реорей,8
┬з,16
тВм,9
репренрей,1
репренреп,2
тГг,5
рекрек,8
├б,29
├░,3
├Ю├║,1
├╛,2
рдТ,29
``,9
тЦБрдореБрддрд╛рдм,15
Xq,1
├в,30
╬╕,2
├д,37
├д├д,2
репрейрек,2
тШЖтШЕ,4
тЬЙтЬЙ,3
реЖ,97
сЛУсЙгсЛн,1
╩┐,1
╪з┘Д┘Ж┘К┘Д,1
╪з┘Д╪г╪▓╪▒┘В,1
─л,3
─А,1
яМ│,1
уГХуВгуВоуГеуВвуГ╗уГЫуГУуГ╝хХЖхУБуБпуАБуГбуГ╝уВлуГ╝щГ╜хРИуБлуВИуВКчЩ║хг▓цЧеуБМх╗╢цЬЯуБХуВМуВЛха┤хРИуБМуБВуВКуБ╛уБЩуАВ,1
чЩ║хг▓цЧеуБМх╗╢цЬЯуБХуВМуБЯха┤хРИуАБ,1
уГбуГ╝уГлуБлуБжцЦ░уБЧуБДчЩ║хг▓цЧеуВТуБКчЯеуВЙуБЫуБЧуБ╛уБЩуАВуБ╛уБЯуАБчЩ║хг▓цЧех╗╢цЬЯуБлф╝┤уБДуВнуГгуГ│уВ╗уГлцЬЯщЩРуВВхдЙцЫ┤уБХуВМуБ╛уБЩуАВ,1
цЬАцЦ░уБоуВнуГгуГ│уВ╗уГлцЬЯщЩРуБпф╕КшиШуВИуВКуБФчв║шкНуБПуБауБХуБДуАВуБ╛уБЯуАБуГбуГ╝уВлуГ╝щГ╜хРИуБлуВИуВКхХЖхУБуБоф╗ХцзШуБМхдЙцЫ┤уБХуВМуВЛха┤хРИуБМуБВуВКуБ╛уБЩуАВуБВуВЙуБЛуБШуВБуБФф║ЖцЙ┐уБПуБауБХуБДуАВ,1
\_$,1
╨Я╨╛╨║╤Г╨┐╨░╨╡╨╝,1
╨▓╤Л╨▓╨╛╨╖╨╕╨╝,1
╤Б╤В╨░╤А╤Л╨╡,1
╤З╤Г╨│╤Г╨╜╨╜╤Л╨╡,1
╤А╨░╨┤╨╕╨░╤В╨╛╤А╤Л,1
╨Э╨░╤И╨╕,1
╨│╤А╤Г╨╖╤З╨╕╨║╨╕,1
╨▒╤Л╤Б╤В╤А╨╛,1
╨░╨║╨║╤Г╤А╨░╤В╨╜╨╛,1
╨▓╤Л╨╜╨╡╤Б╤Г╤В,1
╨╖╨░╨│╤А╤Г╨╖╤П╤В,1
╨ж╨╡╨╜╤Л,1
╨╛╤В,5
╤А╤Г╨▒,2
╨┤╨╛,2
репрейрем,2
рейрек,18
тЬб,1
тЦа,4
юХЯ,1
@X,2
репрей,3
├Ю,59
рейрео,12
юМУ,4
рейреп,10
реорепрен,1
репремреп,4
сЖЮY,2
ц╡БшбМ,2
ремрей,7
репрем,17
─Н,3
├е,20
тА▓,10
╤А╤Г╤Б╤Б╨║╨╕╨╣,2
╨╕╨│╤А╨╛╨▓╨╛╨╣,1
╨║╨╗╤Г╨▒,1
╨║╨╛╤В╨╛╤А╤Л╨╣,1
╨╛╤Б╨╜╨╛╨▓╨░╨╜,1
╨│╨╛╨┤╤Г,1
╨н╤В╨╛,1
╨▓╨╕╤А╤В╤Г╨░╨╗╤М╨╜╤Л╨╣,1
╨┐╨╛╤А╤В╨░╨╗,1
╨┐╨╛╤Б╨▓╤П╤Й╨╡╨╜╨╜╤Л╨╣,1
╨░╨╖╨░╤А╤В╨╜╤Л╨╝,1
╨╕╨│╤А╨░╨╝,1
╤В╨░╨║╨╕╤Е,1
╨┐╨╛╨┐╤Г╨╗╤П╤А╨╜╤Л╤Е,1
╨┐╤А╨╛╨▓╨░╨╣╨┤╨╡╤А╨╛╨▓,1
╨║╨░╨║,3
┬н,23
├а┬д┬ж├а┬д,2
ЁЯЩЛ,1
├а┬дтАб├а┬д┬о├а┬е┬Н├а┬д┬д├а┬д┬┐├а┬д,1
├а┬д┼б├а┬е┬Б├а┬д,1
╠И├а┬д,14
├а┬д╬╝├а┬етВм,2
├а┬д┬о├а┬етАб├а┬д┬б├а┬д┬┐├а┬дтАв├а┬д,1
├а┬етАб├а┬д┼У├а┬етАб├а┬д┼╕,1
├а┬дтАв├а┬етА░├а┬д,1
╠И├а┬д╬╝├а┬етАб,1
├а┬д┼У├а┬д,5
├а┬е┬Б├а┬д┬░,2
├а┬д┬м├а┬д,7
├а┬д┬з├а┬д,1
├а┬е┬Н├а┬д┬░├а┬д┬╢├а┬д┬┐├а┬дтАв├а┬е┬Н├а┬д┬╖├а┬е┬Б,1
├а┬д┬з├а┬д┬░├а┬е┬Н├а┬д┬о├а┬д,1
├а┬д┬░├а┬е┬Н├а┬д┬е,1
├а┬етАб├а┬д┬░├а┬д┬┐├а┬д,1
╠з,13
ЁЯЩП,6
тАХ,2
рейрей,9
QQ,2
рекрем,8
ремрен,5
рекрео,8
├╝,24
╦╕,2
─Б,3
┼Ы,1
├│,20
╪м,1
╪│,1
╪г┘Д,1
╪и╪▒┘К┘Б┘К┘З,1
╪к╪│╪к┘В╪и┘Д,1
╪г╪▓┘К╪з╪б,1
╪з┘К┘Д┘К,1
╪╡╪╣╪и,1
┘Д┘Д┘З┘И╪к,1
┘Г┘И╪к┘И╪▒,1
┘Б┘К,2
┘В╪╡╪▒,1
╪з┘Д╪╡┘Ж┘И╪и╪▒,1
┘И╪к╪╢┘К╪б,1
┘Д┘К╪з┘Д┘К,1
╪и┘К╪▒┘И╪к,1
╪е╪╖╪з╪▒,1
╪п╪╣┘Е,1
╪з┘Д┘К┘И┘Ж┘К╪│┘К┘Б,1
реорейренрек,1
ренрей,8
тЖР,11
тЗЫ,1
реорейреп,1
тЬЕтЪЬ,1
тЦИтЦИ,7
├а┬етАб├а┬д┼╕├а┬д┬░├а┬д┬о├а┬е╦Ж├а┬д,1
├а┬д┬╢├а┬д┬┐├а┬д,1
├а┬дтАЪ├а┬д,2
╠И├а┬д┬┐├а┬дтАв├а┬етА╣├а┬д┼╕├а┬етВм├а┬д,1
├а┬етАб├а┬д,3
╠И├а┬д┬ж├а┬етАб├а┬д,1
├а┬д┬░├а┬д┬┐├а┬д╬╝├а┬д,1
├а┬д┬м├а┬е┬Н├а┬д,3
├а┬етА░├а┬д,2
├а┬д┬м├а┬д┬░├а┬д,1
├а┬д┬░,4
╠з├а┬е┬Н├а┬д╬╝├а┬д,1
├а┬д┬ж├а┬д┬┐├а┬д┬╖├а┬е┬Н├а┬д┼╕,1
├а┬д├а┬д┬б├а┬етА╣├а┬д,1
├а┬е┬Н├а┬д┬л,2
├а┬д┬░├а┬етА╣├а┬д┬м├а┬д┬┐├а┬д,1
├а┬етВм├а┬д,2
├а┬дтАЪ├а┬д┬б├а┬дтАв├а┬етА╣├а┬д┬╖,1
├а┬д┬м├а┬е╦Ж├а┬дтАЪ├а┬дтАв,1
├а┬д┬б├а┬е┬Б├а┬д,1
├а┬д╬╝├а┬д┬┐├а┬д┬╖├а┬д,1
╠Д├а┬д╬╝├а┬д,2
╠з├а┬е┬Н├а┬д┬д├а┬е┬Б,1
├а┬дтАв├а┬е┬Б├а┬д,1
├а┬етА╣├а┬д┬╖├а┬д┬г,1
├а┬д┼У├а┬етАЪ├а┬д,1
@Y,2
├а┬е┬Н├а┬д┬░├а┬етАб├а┬д,1
├а┬е╦Ж├а┬д,1
├а┬е┬Б,1
├а┬дтАв├а┬д,5
├а┬д┬░├а┬дтАв,1
╠з├а┬д┬░├а┬е┬Н├а┬д,1
├а┬етА╣├а┬дтАЪ,2
├а┬д┬░├а┬етА╣├а┬д┬о,1
├а┬д├а┬д┬б├а┬д,2
├а┬д┼б├а┬д,1
╠з├а┬д,8
╠Д├а┬етАЪ├а┬д┬Б,1
├а┬д┬м├а┬етВм├а┬д┬о├а┬д,1
├а┬д╬╝├а┬етВм├а┬д┬б├а┬д┬┐├а┬д,1
╠Д├а┬етА╣├а┬д,1
├а┬е┬Н├а┬д┬░├а┬д,2
├а┬д┬л├а┬етВм,1
├а┬д┬░├а┬д,3
├а┬д┬╖├а┬е┬Н├а┬д┼╕├а┬е┬Н├а┬д┬░├а┬д┬н├а┬дтАв├а┬е┬Н├а┬д┬д├а┬д┬┐,1
╠И├а┬е┬Н├а┬д┬з├а┬д┬о├а┬д,1
├Г┬й,2
╠з├а┬етАЪ├а┬дтАв├а┬е┬Н├а┬д┬╖├а┬е┬Н├а┬д┬о,1
тЗТ,6
реД,14
реС,84
╨С╤К╨╗╨│╨░╤А╤Б╨║╨╕,2
─Г,6
ркЧрлБркЬрк░рк╛ркдрлА,3
XXX,6
┼С,1
┼▒,1
├Я,1
╨Ф╨б╨в╨г,1
рекрен,5
рейренреп,3
тИЮ},1
реорекрео,3
YQ,1
┬▒,10
├║,2
├а┬дтАв├а┬д┬░├а┬дтАв├а┬етАЪ├а┬дтАв,1
╠з├а┬е┬Б├а┬д┬░├а┬дтАв├а┬е┬Н├а┬д┬╖├а┬д┬┐├а┬д┬д,1
рй┤,1
реерейрее,3
реерекрее,1
ренремрео,1
уАР,4
уАС,4
рекремрен,1
рекремрео,1
├а┬д┬н├а┬етВм├а┬д┬д├а┬д┬░├а┬етВм,1
├Г,1
├а┬д├а┬д┬о├а┬е┬Н├а┬д,1
╠Д├а┬д┬░,1
╠з├а┬дтАЪ├а┬д┬б├а┬етАб,1
├а┬д┬з├а┬етА╣├а┬д,2
╠И├а┬етВм,5
├з,16
├╖,8
├С,7
реоремреп,1
рекреп,6
уБлуБдуБДуБж,1
ЁЯТ╕,1
ЁЯШЙ,3
тАк,7
тАм,8
ремрек,8
яУЦяУЦ,1
тЧЖ,3
┬л╨Ь╤Л,1
╨╛╨▒╤П╨╖╨░╨╜╤Л,1
╨▓╤Л╨╕╨│╤А╨░╤В╤М,1
╤В╨╕╤В╤Г╨╗,1
╨Ф╨░,1
╨╜╨░,8
╨┤╨░╨╜╨╜╤Л╨╣,1
╨╝╨╛╨╝╨╡╨╜╤В,1
╨╝╤Л,2
╤П╨▓╨╗╤П╨╡╨╝╤Б╤П,1
╤Д╨░╨▓╨╛╤А╨╕╤В╨░╨╝╨╕,1
╨╛╨┤╨╜╨░╨║╬┐,1
╨╜╨░╨╝╨╡╤А╨╡╨╜╤Л,1
╤Б╤В╨░╤В╤М,1
╨╕╨╝╨╕,1
╨▓╨╛,1
╨▓╤А╨╡╨╝╤П,2
╤В╤Г╤А╨╜╨╕╤А╨░,1
╨в╤А╨╡╤В╤М╨╡,1
╤З╨╡╤В╨▓╤С╤А╤В╨╛╨╡,1
╨╝╨╡╤Б╤В╨╛,1
╨╜╨╡╤Е╨╛╤А╨╛╤И╨╕╨╣,1
╤А╨╡╨╖╤Г╨╗╤М╤В╨░╤В,1
╨┤╨╗╤П,2
╤Б╤В╤А╨░╨╜╤Л,1
╨║╬┐╤В╨╛╤А╨░╤П,1
╨▓╤Л╨╕╨│╤А╨░╨╗╨░,1
╨┐╤П╤В╤М,2
╤З╨╡╨╝╨┐╨╕╨╛╨╜╨░╤В╨╛╨▓,1
╨╝╨╕╤А╨░,1
╤Б╨╛╨╛╨▒╤Й╨╕╨╗,1
╤Б╨┐╨╡╤Ж╨╕╨░╨╗╨╕╤Б╤В,1
╤А╨░╨╖╨│╨╛╨▓╨╛╤А╨╡,1
╨▒╤А╨░╨╖╨╕╨╗╤М╤Б╨║╨╕╨╝╨╕,1
рейрен,11
репреп,15
реорем,13
рикрй░риЬри╛римрйА,1
╨ж╤Ц╨║╨░╨▓╨╛,1
тЮг,2
$├Ч,1
тЬН,6
╟А,4
яШ│,1
ЁЯЗоЁЯЗ│,3
╪з┘Д╪╣╪▒╪и┘К╪й,5
╔Щ,1
ф╕нцЦЗ,10
┼б,3
╬ж,1
реФ,1
тИЭ,1
рд╜рд╜,9
тЮЦ,3
репремрео,1
<=,2
х╗м,1
╨Т╨╗╨╛╨╢╨╡╨╜╨╜╤Л╨╡,1
╤А╤Г╨▒╤А╨╕╨║╨╕,1
╨в╤А╨░╨▓╤Л,1
╨║╤Г╨╗╨╕╨╜╨░╤А╨╕╨╕,1
╨б╨┐╨╡╤Ж╨╕╨╕,1
╨б╨╛╤Г╤Б╤Л,1
╨╝╨░╤А╨╕╨╜╨░╨┤╤Л,1
╨б╨░╨╗╨░╤В╤Л,1
╨а╤Л╨▒╨╜╤Л╨╡,1
╨▒╨╗╤О╨┤╨░,5
╨а╨╡╤Ж╨╡╨┐╤В╤Л,1
╨Р╨╗╨╕╤Б╤Л,1
╨Я╤А╨╕╨┐╤А╨░╨▓╤Л,1
╨Я╤А╨░╨╖╨┤╨╜╨╕╤З╨╜╤Л╨╡,1
╨Я╨╛╤Б╤В╨╜╤Л╨╡,1
╨Я╨░╤Б╤Е╨░,1
╨Э╨░╨┐╨╕╤В╨║╨╕,1
╨Ь╤П╤Б╨╜╤Л╨╡,1
╨Ъ╨╜╨╕╨│╨╕,1
╨Ъ╨░╤И╨╕,1
╨Ш╨╖,1
╤В╨▓╨╛╤А╨╛╨│╨░,1
╨Ч╨░╨║╤Г╤Б╨║╨╕,1
╨Ч╨░╨│╨╛╤В╨╛╨▓╨║╨╕,1
╨Ф╨╡╤Б╨╡╤А╤В╤Л,1
╨Т╤Л╨┐╨╡╤З╨║╨░,1
╨С╨╗╤О╨┤╨░,3
╤Б╨╛,1
╤И╨┐╨╕╨╜╨░╤В╨╛╨╝,1
╨║╨░╨▒╨░╤З╨║╨░╨╝╨╕,1
╨▒╨░╨║╨╗╨░╨╢╨░╨╜╨░╨╝╨╕,1
╨╕╨╖,3
╨┐╤В╨╕╤Ж╤Л,1
╨Р╨╜╤В╨╕╨║╤А╨╕╨╖╨╕╤Б╨╜╨░╤П,1
╨║╤Г╨╗╨╕╨╜╨░╤А╨╕╤П,1
репрепрем,1
репрепрео,3
рд╜рд╜рд╜рд╜,4
ЁЯСН,1
╨С╨╛╨╗╤М╤И╨╡,1
┬А,10
╨з╨╕╤В╨░╤О,1
╨║╨╛╨╝╨╝╨╡╨╜╤В╤Л,1
╤А╨░╨╖╨╜╤Л╤Е,1
╤Б╨░╨╣╤В╨░╤Е,1
╨▓╨╕╨╢╤Г,2
╨╝╨╜╨╛╨│╨╕╨╡,1
╨┐╤А╨╕╤И╨╗╨╕,1
╨┐╨╛╨╕╨│╤А╨░╤В╤М,1
╨┤╨╡╨╗╨░╨╡╤В,1
╤В╤А╨╡╨╣╨┤╨╕╨╜╨│,1
╨┐╨╛,7
╤Б╨╕╤Б╤В╨╡╨╝╨╡,1
╤В╨╛╨╗╤М╨║╨╛,1
╨┐╤А╨╕╨▒╤Л╨╗╤М╨╜╤Л╨╝,1
╨╜╨╛,2
╨▓╨╡╤Б╤М╨╝╨░,1
╨║╨╛╨╝╤Д╨╛╤А╤В╨╜╤Л╨╝,1
╨Я╨╛╤Б╨║╨╛╨╗╤М╨║╤Г,1
╤Б╨╡╤А╤В╨╕╤Д╨╕╨║╨░╤Ж╨╕╤П,1
╨┤╨░╨╡╤В,1
╨╛╨┐╤А╨╡╨┤╨╡╨╗╨╡╨╜╨╜╤Л╨╡,1
╨┐╤А╨╡╨╕╨╝╤Г╤Й╨╡╤Б╤В╨▓╨░,1
╨║╨╗╨╕╨╡╨╜╤В╨░╨╝,1
╨▒╤А╨╛╨║╨╡╤А╨░,2
╨║╨╛╤В╨╛╤А╤Л╤Е,3
╤В╨░╨║╨╢╨╡,1
╤Б╨╗╨╡╨┤╤Г╨╡╤В,1
╤Г╨╖╨╜╨░╤В╤М,1
╨┐╨╛╨┤╤А╨╛╨▒╨╜╨╡╨╡,1
╨┐╤А╨╡╨╢╨┤╨╡,1
╤З╨╡╨╝,2
╨▓╤Л╨▒╨╕╤А╨░╤В╤М,1
╤В╨╛╨│╨╛,2
╨╕╨╗╨╕,3
╨╕╨╜╨╛╨│╨╛,1
╨Ф╨░╨╜╨╜╤Л╨╣,1
╨┐╤А╨╛╤Ж╨╡╤Б╤Б,1
╨╛╨║╨░╨╖╨░╨╗╤Б╤П,1
╨┤╨╛╨▓╨╛╨╗╤М╨╜╨╛,1
╤В╤А╤Г╨┤╨╛╨╡╨╝╨║╨╕╨╝,1
╨╖╨░╤В╤А╨░╤В╨╜╤Л╨╝,1
╤Н╤В╨╛╨╣,2
╨┐╤А╨╕╤З╨╕╨╜╨╡,1
╨╛╤В╤Б╨╗╨╡╨┤╨╕╨╗╨╕,1
╤А╨╡╨╖╤Г╨╗╤М╤В╨░╤В╤Л,1
╨╗╨╕╤И╤М,2
╨╖╨░,2
╨┤╨▓╨░,1
╨╝╨╡╤Б╤П╤Ж╨░,1
╤Б╨╡╨╜╤В╤П╨▒╤А╤М,1
╨╛╨║╤В╤П╨▒╤А╤М,1
╨│╨╛╨┤╨░,2
╨в╨╡╨╝,1
╨╝╨╡╨╜╨╡╨╡,2
╨п,1
╨╜╨╕,1
╨╝╨╛╨│╨╗╨░,1
╨┐╨╛╨╜╤П╤В╤М,1
╨▓╤Б╨╡╨│╨┤╨░,2
╤А╨░╨▒╨╛╤В╨░╨╡╤В,2
╨╝╨╛╨╣,1
╤В╨╛╤А╨│╨╛╨▓╤Л╨╣,1
╨┐╨╗╨░╨╜,1
╨║╨░╨║╨╕╨╡,1
╤Б╨╕╤Б╤В╨╡╨╝╤Л,1
╨╛╨┐╨╗╨░╤В╤Л,1
╨Ю╨╗╨╕╨╝╨┐,1
╨в╤А╨╡╨╣╨┤,1
╤Б╨╛╨▓╨╡╤А╤И╨░╤О,1
╨╛╤И╨╕╨▒╨║╨╕,1
╨Ф╨╗╤П,2
╤Н╤Д╤Д╨╡╨║╤В╨╕╨▓╨╜╨╛╨│╨╛,1
╤Г╨┐╤А╨░╨▓╨╗╨╡╨╜╨╕╤П,1
╤Б╤А╨╡╨┤╤Б╤В╨▓╨░╨╝╨╕,1
╨┤╨╛╤Б╤В╨░╤В╨╛╤З╨╜╨╛,1
╨┤╨╛╨▓╨╡╤А╨╕╤В╤М,1
╤Б╤А╨╡╨┤╤Б╤В╨▓╨░,1
╤Г╨┐╤А╨░╨▓╨╗╤П╤О╤Й╨╡╨╝╤Г,1
цЦ░хП░х╣г,1
ц╕пх╣г,1
ц│░щКЦ,1
ч╛ОхЕГ,1
щЯУхЬЬ,1
ф║║ц░Сх╣г,1
ц╛│х╣г,1
ч┤РхЕГ,1
хКацЛ┐хдзх╣г,1
шЛ▒щОК,1
цнРхЕГ,1
цМкхиБхЕЛцЬЧ,1
чСЮхЕ╕х╣г,1
ф╕╣щ║ехЕЛцЬЧ,1
чСЮхглц│ХцЬЧ,1
цН╖хЕЛхЕЛцЬЧ,1
чЫзх╕Г,1
цЦ░хКахЭбх╣г,1
ц╛│щЦАх╣г,1
щжмф╛Жх╣г,1
шП▓хЬЛцпФч┤в,1
ф╗ешЙ▓хИЧхбЮхЕЛ,1
щЫ╖чУжчИ╛,1
щШ┐ца╣х╗╖цпФч┤в,1
хвише┐хУецКлч┤в,1
хН░х║жх╣г,1
ренрео,1
р░мр▒Нр░пр░╛р░Вр░Хр▒Бр░▓р▒Нр░▓р▒Л,1
р░░р▒В,1
р░╡р▒Зр░▓р░Хр▒Б,1
р░кр▒Ир░Чр░╛,1
р░ир░┐р░░р▒Нр░╡р░╣р░┐р░Вр░Ър▒З,1
р░кр▒Нр░░р░др░┐,2
р░Жр░░р▒Нр░ер░┐р░Х,1
р░▓р░╛р░╡р░╛р░жр▒Зр░╡р▒Ар░Хр▒А,1
р░╢р░╛р░╢р▒Нр░╡р░др░Цр░╛р░др░╛,1
р░╕р░Вр░Цр▒Нр░п,1
р░кр░╛р░ир▒Н,5
р░Хр░╛р░░р▒Нр░бр▒Б,4
р░Ер░╡р░╕р░░р░В,1
р░др░╛р░Ьр░╛р░Чр░╛,1
р░мр▒Нр░пр░╛р░Вр░Хр▒Н,2
р░▓р▒Л,2
р░Цр░╛р░др░╛,2
р░кр▒Нр░░р░╛р░░р░Вр░нр░┐р░Вр░Ър░╛р░▓р░ир▒Нр░ир░╛,1
р░Хр░╛р░░р▒Нр░бр▒Бр░ир▒Б,2
р░кр▒Кр░Вр░жр▒Бр░кр░░р▒Нр░Ър░╛р░▓р░ир░┐,1
р░Хр▒Кр░Вр░др░ор░Вр░жр░┐,1
р░мр▒Нр░пр░╛р░Вр░Хр░░р▒Нр░▓р▒Б,1
р░Тр░др▒Нр░др░┐р░бр░┐,1
р░Ър▒Зр░╕р▒Нр░др▒Бр░ир▒Нр░ир░╛р░░р▒Б,1
р░Хр▒Лр░╕р░В,2
р░жр░░р░Цр░╛р░╕р▒Нр░др▒Б,3
р░Ър▒Зр░╕р▒Бр░Хр▒Бр░ир▒Нр░и,1
р░▓р▒Зр░жр░╛,1
р░░р▒Лр░Ьр▒Бр░▓р░▓р▒Л,2
р░ор░╛р░др▒Нр░░р░ор▒З,1
р░Жр░жр░╛р░пр░кр░ир▒Нр░ир▒Б,1
р░╢р░╛р░Ц,1
р░Ьр░╛р░░р▒А,3
р░Ър▒Зр░╕р▒Нр░др▒Бр░Вр░жр░┐,2
р░Жр░ир▒Н,1
р░▓р▒Ир░ир▒Н,1
р░Ър▒Зр░╕р▒Бр░Хр▒Бр░ир░┐,1
р░░р▒Жр░Вр░бр▒Бр░░р▒Лр░Ьр▒Бр░▓р▒Нр░▓р▒Лр░ир▒З,1
р░╢р░╛р░╢р▒Нр░╡р░д,1
р░╕р░Вр░Цр▒Нр░пр░ир▒Б,1
р░др▒Жр░▓р▒Бр░╕р▒Бр░Хр▒Бр░ир▒З,1
р░╡р▒Ар░▓р▒Бр░Вр░жр░┐,1
р░жр▒Ар░ир░┐р░╡р░▓р▒Нр░▓,1
р░Ер░др▒Нр░пр░╡р░╕р░░,1
р░╕р░ор░пр░Вр░▓р▒Л,1
р░ир▒Жр░Вр░мр░░р▒Б,1
р░Ър▒Жр░кр▒Нр░кр▒Зр░Вр░жр▒Бр░Хр▒Б,1
р░Ор░Вр░др░Чр░╛р░ир▒Л,1
р░Йр░кр░пр▒Лр░Чр░кр░бр▒З,1
р░Ер░╡р░Хр░╛р░╢р░╛р░▓р▒Б,1
р░Йр░ир▒Нр░ир░╛р░пр░┐,1
р░▓р░╛р░╡р░╛р░жр▒Зр░╡р▒Ар░▓р▒Б,1
р░кр▒Жр░Яр▒Нр░Яр▒Бр░мр░бр▒Бр░▓р▒Б,1
р░╕р▒Нр░ер░┐р░░р░╛р░╕р▒Нр░др░┐,1
р░Хр▒Кр░ир▒Бр░Чр▒Лр░▓р▒Б,1
р░Ер░ор▒Нр░ор░Хр░╛р░▓р░▓р▒Л,1
р░др░кр▒Нр░кр░ир░┐р░╕р░░р░┐,1
р░╕р░╛р░░р▒Нр░╡р░др▒Нр░░р░┐р░Хр░ор▒Ир░и,1
р░Ер░Вр░Хр▒Жр░▓р▒Б,1
р░Ер░▓р▒Нр░лр░╛р░ир▒Нр░пр▒Вр░ор░░р░┐р░Хр▒Н,1
р░Жр░жр░╛р░пр░кр░ир▒Нр░ир▒Бр░╢р░╛р░Ц,2
р░кр░ир▒Нр░ир▒Б,1
р░Ър▒Жр░▓р▒Нр░▓р░┐р░Вр░кр▒Бр░жр░╛р░░р▒Бр░ир░Хр▒Б,1
р░И,1
р░░р░╛р░д,1
р░кр▒Вр░░р▒Нр░╡р░Хр░Вр░Чр░╛,1
р░Ър▒Зр░╕р▒Бр░Хр▒Бр░Вр░Яр▒З,1
р░Ър▒Зр░╕р▒Нр░др░╛р░░р▒Б,1
р░Ор░ир▒Н,1
р░Ор▒Н,1
р░╕р░бр▒Ар░Ор░▓р▒Н,1
р░╡р▒Жр░мр▒Н,1
р░╕р▒Ир░Яр▒Н,1
р░жр▒Нр░╡р░╛р░░р░╛,1
р░Ер░╡р░Хр░╛р░╢р░В,1
р░Хр░▓р▒Нр░кр░┐р░╕р▒Нр░др▒Лр░Вр░жр░┐,1
тА╣,4
~~~~~~~~~~~~,1
~~~~~~~~~~,1
щ╜┐ш╜о,1
шЙ▓цГЕ,1
ф╕нхЫ╜,1
├а┬е┬Б├а┬д,1
╠И├а┬д┬░├а┬е┬Н├а┬д,1
├а┬д┬н├а┬д,2
├а┬е┬Н├а┬д,4
ренрен,5
тШЭтШ║,1
тЭд,1
цЭбцм╛,1
щЪРчзБцЭГ,1
х╛АцЭе,1
┼│,2
реореп,5
ЁЯШ▒,1
ЁЯЩИЁЯЩИЁЯЩИЁЯЩИ,1
ЁЯФл,1
ЁЯШЫ,3
тЪл,1
╨Ь╨╕╨╜╤Н╨║╨╛╨╜╨╛╨╝╤А╨░╨╖╨▓╨╕╤В╨╕╤П,1
╨а╨╛╤Б╤Б╨╕╨╕,1
╨┐╨╛╨┤╨│╨╛╤В╨╛╨▓╨╕╨╗,1
╨╛╤З╨╡╤А╨╡╨┤╨╜╨╛╨╣,1
╨┐╤А╨╛╨╡╨║╤В,1
╤А╨╡╤Д╨╛╤А╨╝╤Л,1
╨┐╨╡╨╜╤Б╨╕╨╛╨╜╨╜╤Л╤Е,2
╨╜╨░╨║╨╛╨┐╨╗╨╡╨╜╨╕╨╣,1
╨в╨╡╨┐╨╡╤А╤М,1
╨┐╤А╨╡╨┤╨┐╨╛╨╗╨░╨│╨░╨╡╤В╤Б╤П,1
╤В╨╡╤З╨╡╨╜╨╕╨╡,1
╨┐╨╡╤А╨▓╤Л╤Е,1
╨┐╤П╤В╨╕,1
╨╗╨╡╤В,2
╨│╨╛╤Б╤Г╨┤╨░╤А╤Б╤В╨▓╨╛,1
╨▒╤Г╨┤╨╡╤В,4
╨║,3
╨┐╨╡╨╜╤Б╨╕╨╛╨╜╨╜╤Л╨╝,1
╨╛╤В╤З╨╕╤Б╨╗╨╡╨╜╨╕╤П╨╝,1
╤А╨░╨▒╨╛╤В╨╜╨╕╨║╨░,1
╨┤╨╛╨▒╨░╨▓╨╗╤П╤В╤М,1
╤В╨░╨║╤Г╤О,1
╨╢╨╡,1
╨▓╨╡╨╗╨╕╤З╨╕╨╜╨╡,1
╤Б╤Г╨╝╨╝╤Г,1
╤Б╨╗╨╡╨┤╤Г╤О╤Й╨╕╨╡,1
╤Б╤Г╨╝╨╝╤Л,1
╨╛╤В╤З╨╕╤Б╨╗╨╡╨╜╨╕╨╣,1
╨░,2
╨┤╨░╨╗╨╡╨╡,1
╤З╤В╨╛╨▒╤Л,3
╤Г╤З╨░╤Б╤В╨▓╨╛╨▓╨░╤В╤М,1
╨┐╤А╨╛╨│╤А╨░╨╝╨╝╨╡,1
╤А╨░╨▒╨╛╤В╨╜╨╕╨║╤Г,1
╨╜╤Г╨╢╨╜╨╛,1
╨╜╨░╨┐╨╕╤Б╨░╤В╤М,1
╨╖╨░╤П╨▓╨╗╨╡╨╜╨╕╨╡,1
╨╛╤В╤З╨╕╤Б╨╗╤П╤В╤М,2
╨╖╨░╤А╨┐╨╗╨░╤В╤Л,1
╨│╨╛╨┤,2
╨а╨░╨▒╨╛╤В╨╜╨╕╨║,1
╤Б╨▓╨╛╨╡╨╝╤Г,1
╨╢╨╡╨╗╨░╨╜╨╕╤О,1
╨╝╨╛╨╢╨╡╤В,1
╨┐╨╡╨╜╤Б╨╕╤О,1
╨▒╨╛╨╗╤М╤И╨╡,2
╨Ю╨┤╨╜╨░╨║╨╛,1
╨┤╨╛╨╗╤П,1
╤Г╤З╨░╤Б╤В╨╕╤П,1
╨│╨╛╤Б╤Г╨┤╨░╤А╤Б╤В╨▓╨░,2
╨╜╨░╨║╨╛╨┐╨╗╨╡╨╜╨╕╤П╤Е,1
╤В╤Л╤Б,1
╨Я╤А╨╡╨┤╨┐╨╛╨╗╨░╨│╨░╨╡╤В,1
╤Г╨┐╤А╨░╨▓╨╗╤П╤В╤М,1
╤Н╤В╨╕╨╝╨╕,1
╨┤╨╡╨╜╤М╨│╨░╨╝╨╕,1
╨▒╤Г╨┤╤Г╤В,1
╨╜╨╡╨│╨╛╤Б╤Г╨┤╨░╤А╤Б╤В╨▓╨╡╨╜╨╜╤Л╨╡,1
╨┐╨╡╨╜╤Б╨╕╨╛╨╜╨╜╤Л╨╡,1
╤Д╨╛╨╜╨┤╤Л,1
╤Г╨┐╤А╨░╨▓╨╗╤П╤О╤Й╨╕╨╡,1
╨║╨╛╨╝╨┐╨░╨╜╨╕╨╕,1
╤Б╨╛╨╛╨▒╤Й╨░╨╡╤В,1
╨│╨░╨╖╨╡╤В╨░,1
╨Т╨╡╨┤╨╛╨╝╨╛╤Б╤В╨╕,1
ренрейрей,2
ренреп,13
┘И,1
╪п,1
┘Ж,1
сЖм,8
яЖл,1
с║┐,3
с╗З,3
╬Х╬╗╬╗╬╖╬╜╬╣╬║╬м,4
реТ,12
┬н┬н,2
тВ╣=,2
=ремрентВ╣,1
┬К,2
├╕,6
├ж,4
├Е,1
ЁЯСйЁЯП╗,1
ЁЯС┐,1
ЁЯТЦЁЯТЭ,1
ЁЯТШ,4
ЁЯТШЁЯТЦЁЯТЭ,2
YZ,1
├а┬дтАЪ├а┬д┬б├а┬д,1
╠Г├а┬д┬┐├а┬д┬░├а┬д,1
├а┬д┬о├а┬д┬░├а┬д┼У├а┬етВм├а┬д┬д,1
├а┬е┬Н├а┬д┬░├а┬д┬д├а┬д┬┐├а┬д┬╖├а┬е┬Н├а┬д,2
├а┬д┬┐├а┬д┬д,1
├а┬д┬о├а┬д┬о├а┬е┬Н├а┬д┬о├а┬етВм,1
├а┬д┬б├а┬д,2
├а┬е┬Б├а┬д┼У├а┬д,2
├а┬д┬░├а┬етВм,1
├а┬д┬Э├а┬д┬░├а┬д,1
├а┬д╬╝├а┬е┬Н├а┬д,1
╠з├а┬е┬Н├а┬д┬е├а┬д┬┐├а┬д┬д,1
├а┬дтАв├а┬д┬г,1
├а┬д┬л├а┬д┬░├а┬д╬╝├а┬д┬░├а┬етВм,1
├а┬д┬░├а┬етАб├а┬д┬б├а┬д┬┐├а┬дтАв├а┬д,1
├а┬д┬м├а┬д┬б├а┬д,1
├а┬д┬м├а┬д┬з├а┬д,1
├а┬д╦Ж,2
├а┬д┬░├а┬е┬Н├а┬д┬е├а┬д┬о├а┬д┬┐├а┬д┬д├а┬д┬┐,1
├а┬д┬о├а┬е┬Н├а┬д,3
╠И├а┬д┬м├а┬етВм,1
├а┬д┬о├а┬д┬ж├а┬д┬░├а┬д,1
╠з├а┬етАб,2
├а┬дтАв├а┬д╬╝├а┬дтАв,1
├а┬д┬о├а┬етАб├а┬д,2
╠Д├а┬етА╣├а┬д┬о├а┬етВм├а┬д┬б,1
├а┬д┬░├а┬д┬┐├а┬д┬╢├а┬е┬Н├а┬д╬╝├а┬д┬д,1
╠И├а┬етВм├а┬д┬░├а┬д,1
├а┬д┼У├а┬д┬о├а┬д,1
├а┬д┬░├а┬е┬Н├а┬д,1
├а┬дтАа├а┬д┬░├а┬е┬Н├а┬д,1
├а┬етА╣,1
├а┬дтАв├а┬е┬Н├а┬д,1
щЯ│шкнуБ┐,1
шиУшкнуБ┐,1
ремремреп,1
ЁЯШо,1
ЁЯШПЁЯШП,1
ЁЯдУЁЯдУ,1
репренрек,2
ЁЯШО,1
рд▒рдЩ,2
╬С,3
репреорек,4
╥У,1
р╕г,1
тКЕ,1
р╕Ч,1
тЮд,10
уБНуВЗуБЖуБиуВжуВзуГлуВлуГаф╝ЪхУбуБлчЩ╗щМ▓уВТуБЩуВЛуБиуАБцмбхЫЮуБЛуВЙуБоуБФц│ицЦЗуБощЪЫуБлф╜ПцЙАчнЙуБохЕехКЫуБоцЙЛщЦУуБМчЬБуБСуБ╛уБЩуАВ,1
уБ╛уБЯуАБш┤ИуВКчЙйуБощАБф╗ШхЕИуВТуБВуВЙуБЛуБШуВБшдЗцХ░чЩ╗щМ▓уБЩуВЛуБУуБиуБМуБзуБНф╛┐хИйуБзуБЩуАВ,1
уБЭуБоф╗ЦуАБуАМуБФхИйчФичК╢ц│БуАНуВДуАМуБКц░ЧуБлхЕеуВКуАНуАМуГЪуГ╝уВ╕щЦ▓шжзх▒ецн┤уАНчнЙуБоф╛┐хИйцйЯшГ╜уВТуБФхИйчФиуБДуБЯуБауБСуБ╛уБЩуБоуБзуАБуБЬуБ▓уБУуБоцйЯф╝ЪуБлуАБуБФчЩ╗щМ▓уБПуБауБХуБДуАВ,1
чДбцЦЩ,1
XZ,2
сЖЮ,2
┬░┬░┬░,1
рейрепрео,2
─Я,1
┼Я,4
─▒,4
├йq,1
тЭТ,1
тФБтФБтФБтФБтФБтФБтФБтФБтФБтФБтФБтФБтФБтФБтФБтФБтФБтФБ,1
ЁЯОп,4
тЛЖ,1
тАР,2
===,4
\\,1
╪▒╪з┘Е,1
╪з┘Д┘Д┘З,10
рд╜рд╜рд╜,5
Q&,1
рейремрей,2
рейремрем,1
╨в╨░╨║╨╢╨╡,1
╤Б╨╛╤Ж╨╕╨╛╨╗╨╛╨│╨╕,1
╨╖╨░╨┤╨░╨╗╨╕,1
╤А╨╛╤Б╤Б╨╕╤П╨╜╨░╨╝,1
╨▓╨╛╨┐╤А╨╛╤Б,1
╤В╨╛╨╝,1
╨╕╤Е,3
╨╝╨╜╨╡╨╜╨╕╤О,1
╨╢╨┤╨╡╤В,1
╨▒╤Г╨┤╤Г╤Й╨╡╨╝,2
╤Б╨╡╨╝╤М╤О,1
╨в╤Г╤В,1
╤А╨╛╤Б╤Б╨╕╤П╨╜╨╡,1
╤Б╤В╨╛╨╕╤В,1
╨╛╤В╨╝╨╡╤В╨╕╤В╤М,1
╨▒╤Л╨╗╨╕,2
╨▒╨╛╨╗╨╡╨╡,1
╨╛╨┐╤В╨╕╨╝╨╕╤Б╤В╨╕╤З╨╜╤Л,1
╨┐╤А╨╛╨│╨╜╨╛╨╖╨╕╤А╨╛╨▓╨░╨╜╨╕╨╕,1
╨▒╤Г╨┤╤Г╤Й╨╡╨│╨╛,1
╨▓╤Б╨╡╨│╨╛,1
╨╜╨╡╨│╨░╤В╨╕╨▓╨╜╤Л╨╡,1
╤В╨╡╨╜╨┤╨╡╨╜╤Ж╨╕╨╕,1
╨▓╤Б╨╡,1
╤А╨░╨▓╨╜╨╛,1
╨╜╨░╨╝╨╡╤В╨╕╨╗╨╕╤Б╤М,1
╨в╨░╨║,1
╨┐╨╛╨┤╨░╨▓╨╗╤П╤О╤Й╨╡╨╡,1
╨▒╨╛╨╗╤М╤И╨╕╨╜╤Б╤В╨▓╨╛,1
╨╛╨┐╤А╨╛╤И╨╡╨╜╨╜╤Л╤Е,1
╨╖╨░╤П╨▓╨╕╨╗╨╕,1
╨▓╨╕╨┤╤П╤В,1
╨║╨░╨║╨╕╤Е,1
╨╗╨╕╨▒╨╛,1
╨┐╨╛╨┤╨▓╨╕╨╢╨╡╨║,1
╤Г╨╗╤Г╤З╤И╨╡╨╜╨╕╤О,1
╨╢╨╕╨╖╨╜╨╕,1
╤Б╨╡╨╝╤М╨╕,1
рекрейрек,1
репрепрей,1
ремрео,4
╬Ф,4
&q,2
======================,1
ркЧрлБркЬрк░рк╛ркдрлА╪з╪▒╪п┘Ир▓Хр▓ир│Нр▓ир▓б,1
=================================================================================================================,1
┘И┘О┘Д┘О┘Е┘С┘О╪з,1
╪и┘О╪▒┘О╪▓┘П┘И╪з,1
┘Д┘Р╪м┘О╪з┘Д┘П┘И╪к┘О,1
┘И┘О╪м┘П┘Ж┘П┘И╪п┘Р┘З┘Р,1
┘В┘О╪з┘Д┘П┘И╪з,1
╪▒┘О╪и┘С┘О┘Ж┘О╪з,1
╪г┘О┘Б┘Т╪▒┘Р╪║┘Т,1
╪╣┘О┘Д┘О┘К┘Т┘Ж┘О╪з,1
╪╡┘О╪и┘Т╪▒┘Л╪з,1
┘И┘О╪л┘О╪и┘С┘Р╪к┘Т,1
╪г┘О┘В┘Т╪п┘О╪з┘Е┘О┘Ж┘О╪з,1
┘И┘О╪з┘Ж┘Т╪╡┘П╪▒┘Т┘Ж┘О╪з,1
╪╣┘О┘Д┘О┘Й,1
╪з┘Д┘Т┘В┘О┘И┘Т┘Е┘Р,1
╪з┘Д┘Т┘Г┘О╪з┘Б┘Р╪▒┘Р┘К┘Ж┘О,1
яШЙ,2
╨б╤А╨┐╤Б╨║╨╕,3
чоАф╜У,3
┬б,3
яВ╖,3
├втВм┬ж,1
с║г,2
с║б,1
{{,12
=рео,1
=рек,1
репрепрек,3
ч╣БщлФф╕нцЦЗ,1
репрекрем,3
тЩг,3
тЩа,6
╪г┘П┘И█Я┘Д┘О┘░┘У╪ж┘Р┘Г┘О,1
┘▒┘Д┘С┘О╪░┘Р┘К┘Ж┘О,1
╪н┘О╪и┘Р╪╖┘О╪к┘Т,1
╪г┘О╪╣┘Т┘Е┘О┘░┘Д┘П┘З┘П┘Е┘Т,1
┘Б┘Р┘Й,1
┘▒┘Д╪п┘С┘П┘Ж┘Т┘К┘О╪з,1
┘И┘О┘▒┘Д┘Т╪б┘О╪з╪о┘Р╪▒┘О╪й┘Р,1
┘И┘О┘Е┘О╪з,1
┘Д┘О┘З┘П┘Е,1
┘Е┘С┘Р┘Ж,1
┘Ж┘С┘О┘░╪╡┘Р╪▒┘Р┘К┘Ж┘О,1
репрео,13
эОЬэГАьКдэЖ░,1
тЬ╗,1
╨Ю╨┐╤А╨░╨▓╨┤╨░╨╜╤Л,1
╨╡╨┤╨╕╨╜╨╛╨│╨╗╨░╤Б╨╜╨╛,1
╨С╤А╨░╤В╤М╤П,1
╨Ш╨▒╤А╨░╨│╨╕╨╝,1
╨Ф╨╢╨░╨▒╤А╨░╨╕╨╗,1
╨Ь╨░╤Е╨╝╤Г╨┤╨╛╨▓╤Л,1
╨б╨╡╤А╨│╨╡╨╣,1
╨е╨░╨┤╨╢╨╕╨║╤Г╤А╨▒╨░╨╜╨╛╨▓,1
╨Я╨░╨▓╨╡╨╗,1
╨а╤П╨│╤Г╨╖╨╛╨▓,1
╨╛╨┐╤А╨░╨▓╨┤╨░╨╜╤Л,1
╨╛╤В╨┐╤Г╤Й╨╡╨╜╤Л,1
╨┐╨╛╨┤,1
╤Б╤В╤А╨░╨╢╨╕,1
╨╖╨░╨╗╨╡,1
╤Б╤Г╨┤╨░,1
╨Ю╨▒╨▓╨╕╨╜╨╡╨╜╨╕╨╡,1
╨┤╨╡╨╗╤Г,1
╨╛╨▒,2
╤Г╨▒╨╕╨╣╤Б╤В╨▓╨╡,2
╨╢╤Г╤А╨╜╨░╨╗╨╕╤Б╤В╨░,1
╨Р╨╜╨╜╤Л,1
╨Я╨╛╨╗╨╕╤В╨║╨╛╨▓╤Б╨║╨╛╨╣,1
╤А╨░╨╖╨▓╨░╨╗╨╕╨╗╨╛╤Б╤М,1
╨│╨╗╨░╨╖╨░╤Е,1
╨Р,1
╤Н╤В╨╛╨│╨╛,2
╨┤╨╡╨╗╨╛,3
╨╢╤Г╤А╨╜╨░╨╗╨╕╤Б╤В╨╛╨▓,1
╨е╨╛╨╗╨╛╨┤╨╛╨▓╨░,1
╨е╨╗╨╡╨▒╨╜╨╕╨║╨╛╨▓╨░,1
╨┐╨╛╨║╤Г╤И╨╡╨╜╨╕╨╕,1
╨з╤Г╨▒╨░╨╣╤Б╨░,1
╤А╨░╤Б╤Б╤В╤А╨╡╨╗╨╡,1
╨│╤А╨░╨╢╨┤╨░╨╜╤Б╨║╨╕╤Е,1
╨з╨╡╤З╨╜╨╡,1
ЁЯСЙ,2
тАа,1
┬О,7
репрейрен,1
репрейрео,2
рдМ,1
┘╛┌Ъ╪к┘И,3
├Р,2
тИЪ,3
╤Л,4
репреореп,8
яБ╢,2
╨┐╤А╨╛╤Б╤В╨╕╤В╤Г╤В╨║╨╕,2
╨╛╤З╨╡╨╜╤М,2
╨┤╨╡╤И╨╡╨▓╨╛,2
╨╝╨╛╤Б╨║╨▓╨░,2
╨Ч╨░╨┐╨╕╤Б╨╕,1
╨╝╨╡╤В╨║╨╛╨╣,1
╨Ф╨╜╨╡╨▓╨╜╨╕╨║,1
╨а╨╛╤Б╤Б╨╕╨╣╤Б╨║╨╕╨╣,1
╨б╨╡╤А╨▓╨╕╤Б,1
╨Ю╨╜╨╗╨░╨╣╨╜,1
╨Ф╨╜╨╡╨▓╨╜╨╕╨║╨╛╨▓,1
├Ц,1
репренрем,3
реорео,2
ЁЯМЕ,1
тЭж,2
юЧЕ,1
яШР,1
ренреорейрео,1
ЁЯЩВ,8
_________,1
______________,2
яЩПяЩПяМ╕,1
┬Х,2
╨б╨╛╨╖╨┤╨░╤В╤М,2
╤Д╨╛╤А╤Г╨╝,2
╨Э╨░╤Г╨║╨░,1
╨Ю╨▒╤А╨░╨╖╨╛╨▓╨░╨╜╨╕╨╡,1
╨н╨╖╨╛╤В╨╡╤А╨╕╨║╨░,1
╨С╨╡╤Б╨┐╨╗╨░╤В╨╜╤Л╨╣,1
╨┐╨╛╨┤╨┤╨╡╤А╨╢╨║╨╕,1
╨Ъ╨╛╨╜╤В╨░╨║╤В╤Л,1
╨б╨╛╨╛╨▒╤Й╨╕╤В╤М,1
╨╜╨░╤А╤Г╤И╨╡╨╜╨╕╨╕,1
╨▓╨░╤И,1
╨▒╨╡╤Б╨┐╨╗╨░╤В╨╜╤Л╨╣,1
╨▒╨╗╨╛╨│,1
╪▒╪╢┘К,4
╪╣┘Ж┘З,4
╪╡┘Д┘Й,5
╪╣┘Д┘К┘З,5
┘И╪│┘Д┘Е,5
рекрепрем,1
рейрепрей,1
╪в┘З┘Ж┌п,9
╪м╪п█М╪п╪з█М╪▒╪з┘Ж,1
╪м┘И╪з┘Ж,2
┘Е┘И╪▓█М┌й╪и╪▒┌п╪▒╪п╪к┌й,1
╪в┘З┘Ж┌п╪п╪з┘Ж┘Д┘И╪п,2
╪и╪▒┌п╪▒╪п╪п╪з┘Ж┘Д┘И╪п,1
╪и╪▒┌п╪▒╪п,2
╪з╪▓,3
┘Е╪м╪к╪и█М,5
┌й╪и█М╪▒█М╪п╪з┘Ж┘Д┘И╪п,3
╪м╪п█М╪п╪п╪з┘Ж┘Д┘И╪п,1
╪м╪п█М╪п,3
╪з█М╪▒╪з┘Ж█М╪п╪з┘Ж┘Д┘И╪п,1
┌й╪и█М╪▒█М,2
╪и╪▒┌п╪▒╪п╪▒╪з╪п█М┘И,1
┘Е┘И╪▓█М┌й┘Е╪к┘Ж,1
╪в┘З┘Ж┌п┘Е╪к┘Ж,1
┌й╪и█М╪▒█М┘Е╪м╪к╪и█М,1
<<,2
ренренрео,1
├Д,1
репрепрен,3
р┤ор┤▓р┤пр┤╛р┤│р┤В,1
юаА,1
╠Д├а┬етАб,1
├а┬дтА║├а┬етАб├а┬д┬ж├а┬етА╣├а┬дтАЪ,1
╠з├а┬дтАЪ├а┬д,2
╠з├а┬е┬Н├а┬д┬е├а┬д,1
├а┬д┬╢├а┬д,2
├а┬д┬м├а┬е┬Н├а┬д┬ж├а┬д┬┐├а┬дтАв,1
├а┬д┬о├а┬д,7
├а┬д┬┐├а┬д,4
├а┬е┬Б├а┬д┬г├а┬д,1
├л,2
<тШЕ,1
чзСхнжхТМцКАцЬп,1
тШЕтШЕтШЕтШЕтШЖ,1
юаД,1
├з├╡,2
├з├г,5
─Е,7
─Щ,6
┼В,2
─З,1
тШп,1
ренренреп,1
р▓Хр▓ир│Нр▓ир▓б,2
╠Ф,1
ЁЯШОЁЯШО,1
реорекрекрек,1
├а┬д╬╝├а┬етА╣,1
тВ╣тВ╣тВ╣тВ╣тВ╣,1
ЁЯФ╣,1
х╛│х╖Э,1
хо╢х║╖,1
реоремрео,1
сКасИЫсИнсКЫ,1
ЁЯЪ╢,1
ЁЯСЙЁЯП╗,1
┘╛╪з╪▒╪│█М,1
╨а╤Г╤Б╤Б╨║╨╕╨╣,5
├╜,1
┼б─Н,1
р╕ар╕▓р╕йр╕▓р╣Др╕Чр╕в,2
╨г╨║╤А╨░╤Ч╨╜╤Б╤М╨║╨╕╨╣,1
сЮЯсЯТсЮПсЮ╢сЮФсЯЛсЮЯсЮШсЯТсЮПсЮ╕сЮЪсЮФсЮЯсЯЛсЮвсЮПсЮ╖сЮРсЮ╖сЮЗсЮУсЮУсЯЕсЮБсЮ╢сЮДсЮПсЯТсЮФсЮ╝сЮДсЮГсЯТсЮШсЮ╗сЯЖ,1
яГШ,3
юЬШ,2
ремрем,6
╨б,1
хОЖхП▓шо░х╜Х,1
╠Л,1
репреорем,2
уАЬ,2
<<<,2
ЁЯФ┤ЁЯУбЁЯФ┤,1
┘Е╪┤╪з╪╣╪▒█Б,1
~~~~,1
~~~~~,1
╨Ь╤Л,1
╤Г╨▒╨╡╨╢╨┤╨╡╨╜╤Л,1
╨╛╨┐╨╡╤А╨░╤В╨╕╨▓╨╜╨░╤П,1
╨║╨░╤З╨╡╤Б╤В╨▓╨╡╨╜╨╜╨░╤П,1
╨╗╨╛╨│╨╕╤Б╤В╨╕╨║╨░,1
╨╛╨┤╨╕╨╜,1
╨▓╨░╨╢╨╜╨╡╨╣╤И╨╕╤Е,1
╨║╤А╨╕╤В╨╡╤А╨╕╨╡╨▓,1
╤А╨░╨▒╨╛╤В╨╡,1
╤Б╨╛╨▓╤А╨╡╨╝╨╡╨╜╨╜╤Л╤Е,1
╨╕╨╜╤В╨╡╤А╨╜╨╡╤В,1
╨╝╨░╨│╨░╨╖╨╕╨╜╨╛╨▓,1
╤Б╨╗╨╡╨┤╨╛╨▓╨░╤В╤М,1
╤Н╤В╨╛╨╝╤Г,1
╨║╤А╨╕╤В╨╡╤А╨╕╤О,1
╤А╤П╨┤╨╡,1
╨│╨╛╤А╨╛╨┤╨╛╨▓,1
╤Г,1
╨╜╨░╤Б,1
╤Г╨╢╨╡,1
╤Б╨╡╨╣╤З╨░╤Б,2
╤А╨╡╨░╨╗╨╕╨╖╨╛╨▓╨░╨╜╤Л,1
╨┐╤Г╨╜╨║╤В╤Л,1
╤Б╨░╨╝╨╛╨▓╤Л╨▓╨╛╨╖╨░,1
╨┤╨╛╤Б╤В╨░╨▓╨║╨░,1
╨║╤Г╤А╤М╨╡╤А╨╛╨╝,1
╨║╤А╨░╤В╤З╨░╨╣╤И╨╕╨╡,1
╤Б╤А╨╛╨║╨╕,1
╨│╨╛╤А╨╛╨┤╨░╤Е,1
╨Я╨╡╤В╨╡╤А╨▒╤Г╤А╨│,1
╨Ь╨╛╤Б╨║╨▓╨░,1
╨Э╨╕╨╢╨╜╨╕╨╣,1
╨Э╨╛╨▓╨│╨╛╤А╨╛╨┤,2
╨Ъ╨░╨╖╨░╨╜╤М,1
╨Х╨║╨░╤В╨╡╤А╨╕╨╜╨▒╤Г╤А╨│,1
╨з╨╡╨╗╤П╨▒╨╕╨╜╤Б╨║,1
╨в╤О╨╝╨╡╨╜╤М,1
╨Э╨╛╨▓╨╛╤Б╨╕╨▒╨╕╤А╤Б╨║,1
╨а╨╛╤Б╤В╨╛╨▓,1
╨Ф╨╛╨╜╤Г,1
╨п╤А╨╛╤Б╨╗╨░╨▓╨╗╤М,1
╨в╨▓╨╡╤А╤М,1
╨Ъ╨░╨╗╤Г╨│╨░,1
╨Ю╤А╨╡╨╗,1
╨Ш╨▓╨░╨╜╨╛╨▓╨╛,1
╨С╤А╤П╨╜╤Б╨║,1
╨а╤П╨╖╨░╨╜╤М,1
╨Ъ╨╛╤Б╤В╤А╨╛╨╝╨░,1
╨Т╨╛╨╗╨╛╨│╨┤╨░,1
╨Т╨╗╨░╨┤╨╕╨╝╨╕╤А,2
╨Т╤Л╨▒╨╛╤А╨│,1
╨Э╨╛╤А╨╕╨╗╤М╤Б╨║,1
╨Э╨╛╨▓╨╛╤А╨╛╤Б╤Б╨╕╨╣╤Б╨║,1
╨Ъ╨╕╤А╨╛╨▓,1
╨Я╤Б╨║╨╛╨▓,1
╨Я╨╡╤А╨╝╤М,1
╨Ю╨╝╤Б╨║,1
╤Б╨┐╨╕╤Б╨╛╨║,1
╨╛╨▒╤П╨╖╨░╤В╨╡╨╗╤М╨╜╨╛,1
╤А╨░╤Б╤И╨╕╤А╤П╤В╤М╤Б╤П,1
┬Ю,1
ри╣рйЗ,1
рикрйНри░ринрйВ,3
рикридрйА,2
рижрйА,3
риЬрйАри╡,1
риЗри╕ридрйНри░рйАриУ,1
риорйЗри░рйА,1
риЧрй▒ри▓,1
ри╕рйБригрйЛ,1
ридрйЗ,1
риЧрйБри░рйВ,1
рижрйЗ,2
ри╕ри╝римриж,1
ри░ри╛ри╣рйАриВ,1
риЧрйБригри╛риВ,1
рижри╛,1
ри╡ри┐риЪри╛ри░,1
риХри░,1
риХрйЗ,1
ри╕рйЗри╡ри╛,1
ринриЧридрйА,1
риХри░ри┐риЖ,1
риХри░рйЛ,1
======,1
ф╜УшВ▓,1
ЁЯЩБ,1
╨б╨┐╨░╤Б╨╕╨▒╨╛,1
╨┐╨╛╨┤╨┐╨╕╤Б╨║╤Г,1
╨╜╨░╤И╨╕,1
╨╜╨╛╨▓╨╛╤Б╤В╨╕,1
╨Э╨╡╨▓╨╡╤А╨╜╤Л╨╣,1
╤Д╨╛╤А╨╝╨░╤В,1
╨░╨┤╤А╨╡╤Б╨░,1
╤Г╨▒╨╡╨┤╨╕╤В╨╡╤Б╤М,1
╨┐╨╛╨╢╨░╨╗╤Г╨╣╤Б╤В╨░,1
╨╛╨╜,1
╤Б╨╛╨┤╨╡╤А╨╢╨╕╤В,1
╨┐╤А╨╛╨▒╨╡╨╗╨╛╨▓,1
╤Б╨┐╨╡╤Ж╨╕╨░╨╗╤М╨╜╤Л╤Е,1
╤Б╨╕╨╝╨▓╨╛╨╗╨╛╨▓,1
_├п,2
╪п╪▒█М,1
реорепрем,1
яШ░,2
ЁЯШБ,1
├Ч├Ч├Ч,1
рейрейрен,2
рд╜рд╜рд╜рд╜рд╜,1
qq,2
=============,1
рекренрей,1
реорен,4
репреорео,1
┬м,1
яОА,1
яСЙ,2
цНоф╕╗хКЮцЦ╣ц╢ИцБп,1
шпечкЯходцЬмчФ▒ф║Оч┤зх╝ачЪДх▒ХхЗ║хоЙцОТцЬАхИЭх╣╢цЬкхМЕхРлхЬицндцмбф╕Кц╡╖х▒Хф╕н,1
ч╗ПхЕ╢ф╕ОцХжчЕМчаФчй╢щЩвчЪДхНПхХЖ,1
цЬАч╗Иш╛╛цИРш┐Сф╕Аф╕кцЬИчЪДх▒ХхЗ║хоЙцОТуАВцндхРО,1
шпечкЯходх░ЖхЕИш┐ФхЫЮцХжчЕМ,1
ф╕║хЕ╢,1
цЬИф╗╜ч╛ОхЫ╜чЫЦшТВхНЪчЙйщжЖчЪДх▒ХхЗ║хБЪцПРхЙНш┐Рш╛УчнЙхЗЖхдЗуАВхМЧхЗЙ,1
чкЯцПРхЙНцТдщЩдхРО,1
ч╛ОцЬпщжЖх░Жф╗еч║кх╜ХчЙЗф╗ехПКч║┐ф╕Кх▒Хчд║чЪДцЦ╣х╝П,1
ч╗зч╗нф╕║хЕмф╝Чх▒Хчд║хЕ╢шЙ║цЬпщнЕхКЫуАВ,1
XQ,1
хи▒ф╣Р,2
╨║╨░╤А╨╕╨╜╨░,1
─М,2
ЁЯШЬЁЯШЬЁЯШЬЁЯШЬ,1
ЁЯШАЁЯШАЁЯШАЁЯША,1
реорейрекрен,1
$$$$$$,1
тЦатЦа,1
ЁЯСМ,1
рекрейрео,1
реа,5
ренрейрео,1
┬Р,1
================,1
├а┬д┬д├а┬етАб├а┬д╬╝├а┬д┬░,1
├а┬дтАб├а┬д┬б├а┬е┬Н├а┬д┬░├а┬етАб├а┬д┬╢├а┬д,1
├а┬дтАв├а┬д┬┐├а┬д,1
├а┬д┼У├а┬д┬░,1
├а┬дтАв├а┬е┬Н├а┬д┬░├а┬д┬┐├а┬д,1
╠з├а┬е┬Н├а┬д┼╕├а┬етВм├а┬д,1
╠И├а┬дтАв├а┬д,1
├а┬етВм,4
├а┬д┬м├а┬етА░├а┬д,1
├а┬дтАЪ├а┬д┬б├а┬д┬┐├а┬дтАв├а┬д,1
├а┬дтАв├а┬дтАЪ├а┬д┬м├а┬етА╣├а┬д┬б├а┬д┬┐├а┬д,1
├а┬етА░├а┬д┬м├а┬етВм,1
├а┬д┬░├а┬е┬Б├а┬д┼б├а┬д┬┐├а┬д,1
╠Д├а┬етА╣├а┬дтАЪ,4
├а┬е┬Б├а┬д┬░├а┬д,2
╠з├а┬е┬Б├а┬д,1
╠И├а┬е┬Н├а┬д┬ж├а┬д,1
├а┬д┬о,2
├а┬дтАв├а┬етВм├а┬д┬о├а┬д┬д,1
├а┬д┬м├а┬етАб├а┬д┬б├а┬д,1
├а┬д┬░├а┬етВм├а┬дтАв├а┬е┬Н├а┬д┬╖├а┬дтАв,1
├а┬д╬╝├а┬д┬┐├а┬д┬░├а┬етА╣├а┬д┬з├а┬етВм,1
╠Д├а┬е┬Б├а┬д╬╝├а┬д,1
├а┬д┼У├а┬д┼╕├а┬д┬┐├а┬д,1
├а┬д┬д├а┬д,2
├а┬дтАЪ,1
├а┬д╬╝├а┬етВм├а┬д┬░├а┬д,1
├а┬д┬╢├а┬д┬┐├а┬д╬╝├а┬д,1
├а┬д┬г,1
├а┬д╬╝├а┬д,2
╠з├а┬д┬┐├а┬д┬д,1
├а┬д┬Э├а┬д┬┐├а┬д,1
├а┬дтАЪ├а┬д┼╕├а┬д,1
├а┬д┬ж├а┬е┼Т├а┬д┬б├а┬д,1
╠з├а┬е┬Н├а┬д┬░,1
╠з├а┬е┬Н├а┬д┼╕├а┬етА╣├а┬д,1
├а┬е┬Н├а┬д┼╕├а┬етАб├а┬д,1
╠И├а┬д┬м├а┬д┬░├а┬е┬Н├а┬д,1
├а┬етВм├а┬дтАв├а┬д,1
├а┬д┬░├а┬е┬Н├а┬дтАв├а┬етАб├а┬д┼╕├а┬д┬┐├а┬дтАЪ├а┬д,1
├а┬дтАв├а┬етАЪ├а┬д┬б├а┬д,1
├а┬д┬░├а┬д┬┐├а┬д┬м,1
├а┬д┼б├а┬етАб├а┬д,1
├а┬дтАв├а┬етАб├а┬д┬░├а┬етАб,1
├а┬д┬м├а┬д┼б├а┬д,1
├а┬д┬м├а┬етВм,1
├а┬д┬Б├а┬д,1
╠з├а┬е┬Б├а┬д┬о├а┬д,1
├а┬д┬д├а┬е┬Н├а┬д┬░├а┬д,1
├а┬д┬м├а┬е┬Н├а┬д┬░├а┬е╦Ж├а┬дтАЪ├а┬д┬б├а┬етА╣,1
├а┬д┬ж,2
├а┬дтАЪ├а┬д┼б├а┬етВм,1
├а┬д┼б├а┬д┬о├а┬д,1
├а┬д┬░├а┬етА╣├а┬д┬╢├а┬д,1
├а┬д┬в├а┬е┬Б├а┬д,1
├а┬д┬б├а┬д┬┐├а┬д┬╢├а┬д,1
├а┬дтАв├а┬етА╣├а┬д┬б├а┬д,1
├а┬е┬Н├а┬д┬м├а┬етА╣├а┬дтАа,1
╠И├а┬е┬Н├а┬д,1
├а┬д╬╝├а┬е╦Ж├а┬д┼У├а┬е┬Н├а┬д┼╛├а┬д,1
╠И├а┬д┬┐├а┬дтАв,2
=═Я═Я═Ю═Ю┘й,1
р╣СтШЙс┤ЧтШЙ,1
рйн,1
├а┬д┬░├а┬д┬┐├а┬д,1
├а┬д┬д├а┬е┬Н├а┬д┬░├а┬д┬д├а┬д,1
├а┬дтА░├а┬д┬ж├а┬е┬Н├а┬д,1
├а┬д╬╝├а┬д┬┐├а┬д┬н├а┬д,1
├а┬д┬д├а┬д┬┐├а┬д,1
╠Д├а┬д┬╢,1
├а┬дтАв├а┬е┬Н├а┬д┬╖├а┬д,1
├а┬д┬д├а┬етВм,1
├а┬е╦Ж├а┬д┬о├а┬е┬Н├а┬д┬м├а┬д┬░├а┬е┬Н├а┬д┼╕,1
репрекрео,2
яГ╝,1
+=,1
^=,1
рео},1
ре░рдН,4
ч░бщлФ,1
~~,2
сДЙ,1
репрек,1
={{,1
}}<,4
====,12
рее<,2
}}{{,3
X__,1
роХро┐ро┤ро╡ройрпБроХрпНроХрпБроорпН,1
роХрпБрооро░ройрпНрокрпЛро▓рпН,1
роорпБроЯро┐,1
ро╡ро│ро░,1
роЕроХродрпНродро┐роп,1
роЪро┐родрпНродро░рпН,1
роХрпВро▒ро┐роп,1
роорпВро▓ро┐роХрпИ,1
рмЕрмЯрмХрм╛рм│рм┐рмЕрмЯрмХрм╛рм╛рм│рм┐ржЖрж▓рж┐ржкрзБрж░,1
ржЬрзЗрж▓рж╛,1
ржЖржжрж╛рж▓рждрзЗ,1
ржХрзНрж▓рж╛рж░рзНржХ,1
тЬ╖,1
┬┐,3
ЁЯЩПЁЯЩПЁЯЩПЁЯЩП,1
ЁЯНМ,1
сЮЧсЮ╢сЮЯсЮ╢сЮБсЯТсЮШсЯВсЮЪ,1
реУ,1
╨г╨║╨░╨╖╨░╤В╨╡╨╗╤М,1
╤Г╤А╨╛╨▓╨╜╤П,1
╤В╨╛╨┐╨╗╨╕╨▓╨░,1
╨Х╨▓╤А╨╛,1
╨│,1
╨┐╤А╨╛╨┤╨░╨╢╨░,1
╤Ж╨╡╨╜╨░,1
╨Р╨╗╨╝╨░╤В╤Л,1
╨в╨Ю╨Ю,1
хНв,1
хг░,1
ш┐Ь,1
тЪб,1
тЦ╢,1
яИЭ,1
┼╝,1
реореорем,1
├О,1
┘Б╪з╪▒╪│█М,1
юаБ,1
╪м╪п╪з,1
яДЫ,1
рд┤,3
╨░╨╗╨║╨╛╨│╨╛╨╗╤М,1
╨░╨╗╤М╤В╨╡╤А╨╜╨░╤В╨╕╨▓╨░,1
╨░╨╜╨░╤А╤Е╨╕╤П,1
╨░╨╜╨│╨╡╨╗╤Л,1
╨│╤А╨╛╨╝╨║╨░╤П,1
╨╝╤Г╨╖╤Л╨║╨░,1
╨┤╨╛╨▒╤А╨╛,1
╨╢╨▓╨░╤З╨║╨╕,1
╨╢╨╕╨▓╨╛╤В╨╜╤Л╨╡,1
╨╢╨╕╨╖╨╜╤М,1
╨╖╨╗╨╛,1
╨╕╤А╨╛╨║╨╡╨╖╤Л,1
╨║╨╗╤С╨┐╨║╨╕,1
╨║╨╛╨╜╤Ж╨╡╤А╤В╤Л,1
╨║╨╛╤Б╨╝╨╛╤Б,1
╨║╨╛╤Б╤Г╤Е╨╕,1
╨║╤А╤Л╨╗╤М╤П,1
╨╗╨╕╨╗╨╕╨╕,1
╨╗╤О╨▒╨╛╨▓╤М,1
╨╗╤О╨┤╨╕,1
╨╝╨╕╤А,1
репреорей,3
родрооро┐ро┤рпН,2
р░др▒Жр░▓р▒Бр░Чр▒Б,2
р┤ор┤▓р┤пр┤╛р┤│,1
ркЧрлБркЬрк░рк╛ркдрлАродрооро┐ро┤рпНр▓Хр▓ир│Нр▓ир▓брикрй░риЬри╛римрйА╪з╪▒╪п┘Ир┤ор┤▓р┤пр┤╛р┤│р┤В,1
тА╗,1
╨Я╨╛╨┤╨┤╨╡╤А╨╢╨╕╨▓╨░╨╡╤В╤Б╤П,1
╨╢╨╕╨╖╨╜╨╡╨┤╨╡╤П╤В╨╡╨╗╤М╨╜╨╛╤Б╤В╤М,1
╤З╨╡╨╗╨╛╨▓╨╡╤З╨╡╤Б╨║╨╛╨│╨╛,1
╨╛╤А╨│╨░╨╜╨╕╨╖╨╝╨░,1
╤Б╨┐╨╡╤Ж╨╕╨░╨╗╤М╨╜╤Л╨╝╨╕,1
╤Ж╨╡╨╜╤В╤А╨░╨╝╨╕,1
╨║╨╗╨╡╤В╨║╨╕,1
╨┐╨╛╤Б╤В╨╛╤П╨╜╨╜╨╛,1
╨│╨╡╨╜╨╡╤А╨╕╤А╤Г╤О╤В,1
╨┐╤А╨╛╨▓╨╛╨┤╤П╤В,1
╤Н╨╗╨╡╨║╤В╤А╨╛╨╕╨╝╨┐╤Г╨╗╤М╤Б╤Л,1
╨┐╨╛╨╖╨▓╨╛╨╗╤П╤О╤Й╨╕╨╡,1
╤Б╨╡╤А╨┤╤Ж╤Г,1
╨┐╤А╨╡╨┤╤Б╨╡╤А╨┤╨╕╤П╨╝,1
╨╢╨╡╨╗╤Г╨┤╨╛╤З╨║╨░╨╝,1
╤Б╨╛╨║╤А╨░╤Й╨░╤В╤М╤Б╤П,1
╨╛╨┐╤А╨╡╨┤╨╡╨╗╨╡╨╜╨╜╨╛╨╝,1
╤А╨╕╤В╨╝╨╡,1
╤Б╨╛╤Б╤В╨╛╤П╨╜╨╕╨╕,1
╨┐╨╛╨║╨╛╤П,1
╤Г╨┤,1
╨╝╨╕╨╜,1
ZZ,1
тША,1
╨Ю╤Б╨▓╨╛╨▒╨╛╨╢╨┤╨╡╨╜╨╕╨╡,1
╨Т╨░╤А╤И╨░╨▓╤Л,1
╨╖╨░╨▓╨╡╤А╤И╨╕╨╗╨╛,1
╨┐╨╡╤А╨▓╤Л╨╣,1
╤Н╤В╨░╨┐,1
╨Т╨╕╤Б╨╗╨╛,1
╨Ю╨┤╨╡╤А╤Б╨║╨╛╨╣,1
╨╛╨┐╨╡╤А╨░╤Ж╨╕╨╕,1
╤Б╨╛╨▓╨╡╤В╤Б╨║╨╕╤Е,1
╨▓╨╛╨╣╤Б╨║,1
╨С╤Л╨╗╨╕,1
╤Б╨╛╨╖╨┤╨░╨╜╤Л,1
╨▒╨╗╨░╨│╨╛╨┐╤А╨╕╤П╤В╨╜╤Л╨╡,1
╤Г╤Б╨╗╨╛╨▓╨╕╤П,1
╨┤╨░╨╗╤М╨╜╨╡╨╣╤И╨╡╨│╨╛,1
╨╜╨░╤Б╤В╤Г╨┐╨╗╨╡╨╜╨╕╤П,1
╨╜╨░╤З╨░╨╗╤Г,1
╤Д╨╡╨▓╤А╨░╨╗╤П,1
╨Я╨╛╨╗╤М╤И╨░,1
╨▒╤Л╨╗╨░,1
╨┐╨╛╨╗╨╜╨╛╤Б╤В╤М╤О,1
╨╛╤Б╨▓╨╛╨▒╨╛╨╢╨┤╨╡╨╜╨░,1
уБУуБоцЩВцЬЯуБлф╜Хх║жуВВцЭеуБжуБДуВЛхЕлцЩпх│╢уБзуБЩцЦ╜шиншкХчФЯуБЛуВЙуВВуБЖ,1
х╣┤уВВч╡МщБОуБЧуБжуБДуБ╛уБЧуБЯ,1
уВкуГ╝уГЧуГ│уБоцЧеуБлуБпхо╢цЧПуБзуВДуБгуБжцЭеуБ╛уБЧуБЯуБКуВКуБЧуВВуАМчмм,1
хЫЮхЕлцЩпх│╢уБВуБШуБХуБДченуАНуБМщЦЛхВмуБХуВМуБжуБДуБ╛уБЧуБЯ,1
хЬЯ,1
я╜Ю,1
цЧе,3
цЬИ,1
цТох╜▒,1
уВлуГбуГй,1
╫Ю╫Ц╫Ф,1
╫й╫а╫Щ╫Э,1
╫Ю╫Щ╫Ф,1
╫Ю╫Ш╫д╫Ь╫к,1
╫Х╫Ю╫Ь╫Ю╫У╫к,1
╫и╫д╫Х╫Р╫Ф,1
╫б╫Щ╫а╫Щ╫к,1
╫в╫к╫Щ╫з╫Ф,1
╫С╫Р╫Ю╫ж╫в╫Х╫к,1
╫У╫Щ╫з╫Х╫и,1
╫Х╫к╫Ц╫Х╫а╫Ф,1
╫Х╫С╫а╫Х╫б╫г,1
╫С╫Ф╫а╫Ч╫Щ╫Щ╫Ф,1
╫й╫Ь,1
╫Ш╫а╫Ш╫и╫Ф,1
╫С╫Х╫У╫Ф╫Щ╫б╫Ш╫Щ╫к,1
╫Ш╫Щ╫С╫Ш╫Щ╫к,1
сЮЕсЯЖсЮОсЯБсЯЗсЮКсЮ╣сЮД,1
х░ПцЧ╢,1
хжЩщлШх╕ВуБош▓╖хПЦценшАЕуБзц┤ЛцЬНуВТш▓╖уБДхПЦуВКуБЧуБжуВВуВЙуБгуБЯцЦ╣уБпуАБх║ЧхЖЕуВТуБШуБгуБПуВКуБишжЛуБЯуБУуБиуБВуВКуБ╛уБЩуБЛ,1
уБиуБгуБжуВВх║ГуБДх║ЧшИЧуАБх┐ЕшжБф╗еф╕КуБох╛УценхУбуАБуБЭуВУуБауБСч╡Мш▓╗уБМуБЛуБЛуВЛуБкуВЙцМБуБгуБжуБДуБгуБЯц┤ЛцЬНуВТца╝хоЙуБзш▓╖хПЦуБХуВМуБжх╜УуБЯуВКхЙНуАБхжЩщлШх╕ВуБош▓╖хПЦценшАЕуБзуБпуБкуБПхоЕщЕНш▓╖хПЦуБауБих║ЧшИЧуВВф║║ф╗╢ш▓╗уВВуБкуБДуБЛуВЙц┤ЛцЬНуВТщлШуБПш▓╖хПЦуБХуВМуБжх╜УуБЯуВКхЙНуБауБиуБДуБЖц░ЧцМБуБбуБлуБкуВКуБ╛уБЩуАВуБишиАуБДуБ╛уБЩуБЛхоЯщЪЫуАБхжЩщлШх╕ВуБош▓╖хПЦценшАЕуБзц┤ЛцЬНуВТш▓╖уБДхПЦуВКуБЧуБжуВВуВЙуБЖуВИуВКуВВхоЕщЕНш▓╖хПЦуБоцЦ╣уБМц┤ЛцЬНуБМщлШуБПш▓╖хПЦуБЧуБжуБПуВМуБ╛уБЩуАВ,1
╠Д├а┬етАЪ├а┬д┼╕├а┬етАб├а┬дтАЪ├а┬д┼╕,1
├а┬д┬о├а┬е╦Ж├а┬д,1
уВ╣уГЭуГ╝уГДуВ╣уВпуВиуВв,1
уВ╣уВ┐уГ╝уВ╡уГГуГЧ,1
ЁЯШвЁЯШв,1
╨Ю╨║╤А╤Г╨╢╨░╤О╤Й╨░╤П,1
╤Б╤А╨╡╨┤╨░,1
╨┐╨╛╨╗╨╜╨░,1
╨▓╤А╨╡╨┤╨╜╤Л╤Е,1
╨▓╨╡╤Й╨╡╤Б╤В╨▓,1
╨▓╨╗╨╕╤П╨╜╨╕╨╡,1
╨╛╤В╤А╨░╨╢╨░╨╡╤В╤Б╤П,1
╨┐╨╡╤З╨╡╨╜╨╕,1
╨Ч╨┤╨╛╤А╨╛╨▓╨░╤П,1
╨┐╨╡╤З╨╡╨╜╤М,1
╤Д╨╕╨╗╤М╤В╤А,1
╨╛╤Б╤В╨░╨▓╨╗╤П╤П,1
╨╛╤А╨│╨░╨╜╨╕╨╖╨╝╨╡,1
╨┐╨╛╨╗╨╡╨╖╨╜╨╛╨╡,1
ржорзЛржГ,1
ржоржирж╕рзБрж░,1
ржЖрж▓рзА,1
тЩб,1
╪м┘К╪п,1
тШЖ,1
ргж,1
qY,1
___,1
тЬЕ,1
уАЙ,1
ш░вхо╢щЩвхнР,3
┼╛,2
YX,1
ЁЯФ╢,1
ЁЯШФ,1
тЭМ,1
ЁЯШХ,1
ЁЯСл,1
ЁЯПГЁЯП╗,1
тЩА,1
ЁЯЦд,1
ЁЯЫд,1
ЁЯПН,1
ЁЯШТ,1
ЁЯд▓ЁЯП╗,1
ЁЯШ░,1
├а┬дтАв├а┬е┬Н├а┬д┬╖├а┬е┬Н├а┬д┬о├а┬д┬г,1
тЛЕ,1
╬С╬Э╬д╬С╬Ы╬Ы╬С╬Ъ╬д,1
╬е╬У╬б╬Я,1
╬п╬╜╬▒╬╣,1
╬╡╬╝╧А╬╗╬┐╧Е╧Д╬╣╧Г╬╝╬н╬╜╬┐,1
╬╝╬╡,2
╬╡╬╜╧Е╬┤╬▒╧Д╬╣╬║╧М,1
╬│╬▒╬╗╬м╬║╧Д╧Й╬╝╬▒,1
╬║╬▒╬╣,2
╧Ж╧Е╧Г╬╣╬║╬о╧В,1
╧А╧Б╬┐╬н╬╗╬╡╧Е╧Г╬╖,1
╬▒╬╕╧О╧В,1
╬н╬╜╬▒,1
╧Г╧Н╬╝╧А╬╗╬╡╬│╬╝╬▒,1
╬▓╬╣╧Д╬▒╬╝╬╣╬╜╧О╬╜,1
╬Ч,1
╧А╬╗╬┐╧Н╧Г╬╣╬▒,1
╬▓╬╡╬╗╬┐╧Н╬┤╬╣╬╜╬╖,1
╧Г╧Н╬╜╬╕╬╡╧Г╬о,1
╧Д╬┐╧Е,1
╬▓╬┐╬╖╬╕╬м╬╡╬╣,1
╧Г╧Д╬╖,1
╬╕╧Б╬н╧И╬╖,1
╧Д╬╖╧В,1
╬╡╧А╬╣╬┤╬╡╧Б╬╝╬п╬┤╬▒╧В,1
╧Г╬▒╧В,1
├Б,1
ЁЯФФ,1
─Ы,1
┼б├н,1
рейреорек,1
репремрен,1
=Z,1
тЬ│,1
тШ║,2
юаВ,1
тЧЛ,4
тШЮ,1
╪з┘Д┘Е┘Е┘Д┘Г╪й,1
╪з┘Д╪│╪╣┘И╪п┘К╪й,1
ф╕нхНОф║║ц░СхЕ▒хТМхЫ╜,1
ч╣БщлФ,2
хП░чБг,1
╫Щ╫й╫и╫Р╫Ь,1
цЧецЬм,1
эХЬъ╡ньЦ┤,1
ыМАэХЬып╝ъ╡н,1
╨а╨╛╤Б╤Б╨╕╤П,1
├к╠Б,1
├к╠г,2
тЮбя╕П,1
таАтаАтаАтаАтаАтаАтаАтаАтаАтаА,2
таАтаАтаАтаА,2
таАтаАтаАтаАтаАтаАтаАтаАтаАтаАтаАтаА,21
таА,1
таАтаАтаАтаАтаАтаАтаАтаАтаАтаАтаА,1
таАтаАтаАтаАтаАтаАтаА,1
ЁЯЩПЁЯЩП,1
реоренрекреп,1
~~~~~~~~~~~~~,1
ЁЯМ╖тШ║ЁЯМ╖,1
├Ш,1
qX,1
реоренрем,1
репрепрепрен,1
тШЭ,3
яСм,1
яШЮ,1
яШП,1
яСИ,1
рекренрек,1
тЭдяШНтЭдяШНтЭдяШНтЭд,1
ремреорем,1
репремрек,2
ренреореп,1
тЪЦ,1
╨╛╨▒╨╛╨╗╨╛╤З╨║╨░,1
╨Ю╨┐╨░╨┤╤А╨░╨╣,1
╨а╨╛╨╖╨╛╨▓╤Л╨╣,1
╤В╨░╨╗╤М╨║,1
╤Б╨┐╨╕╤А╤В,1
╨┐╨╛╨╗╨╕╨▓╨╕╨╜╨╕╨╗╨╛╨▓╤Л╨╣,1
╨╝╨░╨║╤А╨╛╨│╨╛╨╗,1
╤В╨╕╤В╨░╨╜╨░,1
╨┤╨╕╨╛╨║╤Б╨╕╨┤,1
╨Х,3
╨║╤А╨░╤Б╨╕╤В╨╡╨╗╤М,1
╨╢╨╡╨╗╨╡╨╖╨░,1
╨╛╨║╤Б╨╕╨┤,1
╨║╤А╨░╤Б╨╜╤Л╨╣,1
╨╗╨╡╤Ж╨╕╤В╨╕╨╜,1
тЮФ,1
╬е,2
рейрейрек,1
рз╖рз╖,2
ЁЯШГ,2
репрекреп,2
репремрем,1
ренренрем,1
╨Ю╤В╨║╤А╤Л╨▓,1
╨║╨░╤А╤В╤Г,1
╨╝╨╛╨╢╨╜╨╛,2
╨╜╨░╨╢╨░╤В╤М,1
╨┐╨╛╤П╨▓╨╕╨▓╤И╤Г╤О╤Б╤П,1
╨║╨╜╨╛╨┐╨║╤Г,1
╨Р╨║╤Ж╨╕╨╕,1
╤А╤П╨┤╨╛╨╝,1
╤Г╨▓╨╕╨┤╨╡╤В╤М,1
╨║╤Г╨┤╨░,1
╨┤╨╛╨╣╤В╨╕,1
╨┐╤А╤П╨╝╨╛,1
яАм,1
яА┐,1
ЁЯТв,1
_Y,1
р▓ир│Зр▓░р▓│р│Ж,1
р▓ор▓╛р▓░р│Нр▓Ч,1
├а┬д┬░├а┬е┬Н├а┬д┬е├а┬д,1
╠з├а┬етВм├а┬д┬д├а┬д,1
├а┬д┬о├а┬д┬в├а┬д,1
╠з├а┬е┬Н├а┬д┬д├а┬д,1
├а┬дтАв├а┬е┬Н├а┬д┬╖├а┬д┬░,1
╠И├а┬етВм├а┬д,1
├а┬етАб├а┬д┬╢,1
╠И├а┬д┬┐├а┬д┬░├а┬е┬Н├а┬д╬╝├а┬д┬┐├а┬д╬╝├а┬д,1
├а┬дтАв├а┬е┬Н├а┬д╬╝├а┬д┬┐├а┬д,1
╠И├а┬етА╣├а┬д,1
├а┬дтАЪ├а┬д┬д├а┬д┬░├а┬д,1
├а┬д┬д├а┬е┬Н├а┬д┬о├а┬д,1
╠з├а┬д┼У├а┬е┬Н├а┬д┼У├а┬д,1
├а┬е┼Т├а┬д┬░├а┬д,1
├а┬д┬н├а┬д┬┐├а┬д,1
├а┬д├а┬д┬о├а┬етВм,1
├а┬д┬о├а┬е,1
├а┬е,1
├а┬д┬л├а┬д,1
╠з├а┬етА╣,1
├а┬е┬Н├а┬д┬░├а┬д┬д├а┬д┬┐├а┬д┬ж├а┬д┬┐├а┬д,1
╠з├а┬д┬о├а┬д,1
╠И├а┬д┬д├а┬д,1
├а┬д┬░├а┬д╬╝├а┬д┬┐├а┬д,1
├а┬д╬╝├а┬д┬┐├а┬д┬з├а┬д,1
├а┬дтА░├а┬д,1
├а┬дтАв├а┬етАб├а┬д,1
├а┬дтАб├а┬д┼╕,1
┘В┘Ж╪з╪п╪▒,1
╪з┘Д╪п╪з╪▒,1
╪и╪п┘И┘Ж,1
┘Ж╪к,1
эХЬъ╡ньЭШ,1
рейремреорем,1
яВз,1
╨Я╨╛╤Б╨╗╨╡,1
╨╜╨╡╨╛╨▒╤Е╨╛╨┤╨╕╨╝╨╛,1
╨╛╨▒╤А╨░╨▒╨╛╤В╨░╤В╤М,1
╨║╤Г╤В╨╕╨║╤Г╨╗╤Г,1
╨┐╨╕╤В╨░╤В╨╡╨╗╤М╨╜╤Л╨╝,1
╨╝╨░╤Б╨╗╨╛╨╝,1
╤Б╨░╨╝,1
╨╜╨╛╨│╨╛╤В╤М,1
╨┐╨╛╨║╤А╤Л╤В╤М,1
╨╖╨░╤Й╨╕╤В╨╜╤Л╨╝,1
╤Б╤А╨╡╨┤╤Б╤В╨▓╨╛╨╝,1
репрейремрепрек,1
репрекрей,1
ренреорео,1
ZX,1
┬┐Q,1
тЪЬ,1
ремремрен,1
XXXX,1
_____,1
сАЧсАЩсАмсАЕсАм,1
юв╢,1
========================================================================================,1
рейремренреорей,1
